,Unnamed: 0,empty_slots,free_bikes,id,latitude,longitude,name,timestamp,extra.address,extra.last_updated,extra.renting,extra.returning,extra.uid,extra.bike_uids,extra.number,extra.slots,Dist from Coit,locality,county
5230,0,4.0,11.0,ford-gobike,37.849734999999995,-122.270582,Harmon St at Adeline St,2020-10-08T21:02:33.968000Z,,1602187490.0,1.0,1.0,340,,,,0.18226700000000307,Berkeley,Alameda Co.
5231,1,3.0,8.0,ford-gobike,37.33618830029063,-121.8892765045166,Fountain Alley at S 2nd St,2020-10-08T21:02:33.972000Z,,1602183145.0,1.0,1.0,341,,,,0.9831431951927811,Downtown San Jose,Santa Clara Co.
5232,2,14.0,13.0,ford-gobike,37.783171989315306,-122.39357203245164,Bryant St at 2nd St,2020-10-08T21:02:33.973000Z,,1602181102.0,1.0,1.0,343,,,,0.031863978233062085,South Beach,San Francisco Co.
5233,3,7.0,16.0,ford-gobike,37.32212462544857,-121.88109040260315,Oak St at 1st St,2020-10-08T21:02:33.984000Z,,1602173764.0,1.0,1.0,298,,,,1.0053929719482824,Washington Guadalupe,Santa Clara Co.
5234,4,5.0,10.0,ford-gobike,37.3236779,-121.8741186,Bestor Art Park,2020-10-08T21:02:33.985000Z,,1602174028.0,1.0,1.0,299,,,,1.0108114999999955,Fairgrounds,Santa Clara Co.
5235,5,11.0,16.0,ford-gobike,37.3259984,-121.87711999999999,5th St at Virginia St,2020-10-08T21:02:33.986000Z,,1602189125.0,1.0,1.0,296,,,,1.00548959999999,Clinic,Santa Clara Co.
5236,6,3.0,16.0,ford-gobike,37.322979600000004,-121.8879312,Locust St at Grant St,2020-10-08T21:02:33.988000Z,,1602186249.0,1.0,1.0,297,,,,0.9976972000000046,Washington Guadalupe,Santa Clara Co.
5237,7,7.0,20.0,ford-gobike,37.327581,-121.88455900000001,Pierce Ave at Market St,2020-10-08T21:02:33.989000Z,,1602188171.0,1.0,1.0,294,,,,0.996468,Market Almaden,Santa Clara Co.
5238,8,7.0,16.0,ford-gobike,37.3327938,-121.8759263,William St at 10th St,2020-10-08T21:02:33.990000Z,,1602156208.0,1.0,1.0,295,,,,0.9998878999999974,South Campus,Santa Clara Co.
5239,9,1.0,18.0,ford-gobike,37.3448821,-121.89696550000001,Empire St at 1st St,2020-10-08T21:02:33.991000Z,,1602156509.0,1.0,1.0,292,,,,0.9667604000000054,Jackson Taylor,Santa Clara Co.
5240,10,7.0,7.0,ford-gobike,37.3413348,-121.90318290000002,Autumn Parkway at Coleman Ave,2020-10-08T21:02:33.996000Z,,1602167911.0,1.0,1.0,291,,,,0.9640902999999952,Downtown,Santa Clara Co.
5241,11,16.0,15.0,ford-gobike,37.80781318217903,-122.26449608802795,Snow Park,2020-10-08T21:02:34.002000Z,,1602177696.0,1.0,1.0,198,,,,0.14643109415108313,Downtown Oakland,Alameda Co.
5242,12,17.0,6.0,ford-gobike,37.81231409135146,-122.26077854633331,Bay Pl at Vernon St,2020-10-08T21:02:34.003000Z,,1602189317.0,1.0,1.0,195,,,,0.15464954501815242,Waverly,Alameda Co.
5243,13,7.0,8.0,ford-gobike,37.811080700000005,-122.24326770000002,Lakeshore Ave at Trestle Glen Rd,2020-10-08T21:02:34.004000Z,,1602180512.0,1.0,1.0,194,,,,0.17092699999999894,Lakeshore,Alameda Co.
5244,14,5.0,18.0,ford-gobike,37.808847899999996,-122.24967990000002,El Embarcadero at Grand Ave,2020-10-08T21:02:34.012000Z,,1602190817.0,1.0,1.0,197,,,,0.1622820000000047,Adams Point,Alameda Co.
5245,15,10.0,13.0,ford-gobike,37.80889393398715,-122.25646018981932,Grand Ave at Perkins St,2020-10-08T21:02:34.013000Z,,1602175350.0,1.0,1.0,196,,,,0.15554774416783346,Adams Point,Alameda Co.
5246,16,8.0,7.0,ford-gobike,37.8305452,-122.27393670000001,Market St at 40th St,2020-10-08T21:02:34.015000Z,,1602178578.0,1.0,1.0,191,,,,0.1597225000000151,Longfellow,Alameda Co.
5247,17,21.0,2.0,ford-gobike,37.8302232,-122.2709501,West St at 40th St,2020-10-08T21:02:34.016000Z,,1602176886.0,1.0,1.0,190,,,,0.16238710000001078,Longfellow,Alameda Co.
5248,18,6.0,13.0,ford-gobike,37.812744099999996,-122.2472152,Grand Ave at Santa Clara Ave,2020-10-08T21:02:34.017000Z,,1602155606.0,1.0,1.0,193,,,,0.16864290000000892,Grand Lake,Alameda Co.
5249,19,3.0,16.0,ford-gobike,37.85578332030199,-122.28312671184538,San Pablo Park,2020-10-08T21:02:34.025000Z,,1602156510.0,1.0,1.0,271,,,,0.17577060845660952,SouthWest Berkeley,Alameda Co.
5250,20,18.0,1.0,ford-gobike,37.85557366182879,-122.2635653614998,Fulton St at Ashby Ave,2020-10-08T21:02:34.026000Z,,1602188278.0,1.0,1.0,273,,,,0.1951223003290039,South Berkeley,Alameda Co.
5251,21,3.0,17.0,ford-gobike,37.857567200000005,-122.26755829999999,Oregon St at Adeline St,2020-10-08T21:02:34.027000Z,,1602190361.0,1.0,1.0,274,,,,0.1931228999999988,South Berkeley,Alameda Co.
5252,22,3.0,12.0,ford-gobike,37.3429973,-121.88888909999999,Julian St at 6th St,2020-10-08T21:02:34.034000Z,,1602185418.0,1.0,1.0,275,,,,0.9767215999999976,Hensley,Santa Clara Co.
5253,23,4.0,19.0,ford-gobike,37.3322326,-121.91251650000001,Julian St at The Alameda,2020-10-08T21:02:34.035000Z,,1602179351.0,1.0,1.0,276,,,,0.9638589000000052,Garden Alameda,Santa Clara Co.
5254,24,4.0,18.0,ford-gobike,37.3319323,-121.9048882,The Alameda at Bush St,2020-10-08T21:02:34.037000Z,,1602190468.0,1.0,1.0,278,,,,0.9717874999999978,Garden Alameda,Santa Clara Co.
5255,25,9.0,6.0,ford-gobike,37.3391456,-121.8841054,Santa Clara St at 7th St,2020-10-08T21:02:34.038000Z,,1602155605.0,1.0,1.0,279,,,,0.9853570000000004,North Campus,Santa Clara Co.
5256,26,10.0,13.0,ford-gobike,37.32086614588923,-121.87627851963043,3rd St at Keyes St,2020-10-08T21:02:34.057000Z,,1602186933.0,1.0,1.0,443,,,,1.0114633344803252,O'Brien Tract,Santa Clara Co.
5257,27,19.0,2.0,ford-gobike,37.7630152,-122.42649679999998,17th St at Dolores St,2020-10-08T21:02:34.082000Z,,1602190275.0,1.0,1.0,107,,,,0.06036759999999219,Castro,San Francisco Co.
5258,28,11.0,24.0,ford-gobike,37.76704457969368,-122.39083349704742,4th St at 16th St,2020-10-08T21:02:34.084000Z,,1602190395.0,1.0,1.0,104,,,,0.05072992325889203,Mission Bay,San Francisco Co.
5259,29,22.0,4.0,ford-gobike,37.778999400000004,-122.4368608,Scott St at Golden Gate Ave,2020-10-08T21:02:34.094000Z,,1602188937.0,1.0,1.0,39,,,,0.05474740000000367,Western Addition,San Francisco Co.
5260,30,2.0,17.0,ford-gobike,37.776598,-122.39528200000001,San Francisco Caltrain (Townsend St at 4th St),2020-10-08T21:02:34.098000Z,,1602185361.0,1.0,1.0,30,,,,0.03672800000000365,South of Market,San Francisco Co.
5261,31,17.0,14.0,ford-gobike,37.78383,-122.39887,Folsom St at 3rd St,2020-10-08T21:02:34.100000Z,,1602190813.0,1.0,1.0,36,,,,0.025907999999994047,South of Market,San Francisco Co.
5262,32,13.0,10.0,ford-gobike,37.329118668147785,-121.90457582473756,Cahill Park,2020-10-08T21:02:34.104000Z,,1602172921.0,1.0,1.0,35,,,,0.9749135071146569,Downtown,Santa Clara Co.
5263,33,18.0,5.0,ford-gobike,37.78398789999999,-122.41240800000001,Father Alfred E Boeddeker Park,2020-10-08T21:02:34.106000Z,,1602190309.0,1.0,1.0,34,,,,0.025306099999994558,Union Square,San Francisco Co.
5264,34,10.0,5.0,ford-gobike,37.7316566899845,-122.45112150907516,Gennessee St at Monterey Blvd,2020-10-08T21:02:34.122000Z,,1602188976.0,1.0,1.0,433,,,,0.11635081909064834,Sunnyside,San Francisco Co.
5265,35,21.0,6.0,ford-gobike,37.80000163118878,-122.26643800735472,Jackson St at 11th St,2020-10-08T21:02:34.133000Z,,1602177673.0,1.0,1.0,339,,,,0.14216836145649836,Chinatown,Alameda Co.
5266,36,22.0,1.0,ford-gobike,37.803189081131634,-122.27057933807372,13th St at Franklin St,2020-10-08T21:02:34.134000Z,,1602156510.0,1.0,1.0,338,,,,0.1357237430579019,Downtown Oakland,Alameda Co.
5267,37,24.0,3.0,ford-gobike,37.80696976095594,-122.26658821105957,Webster St at 19th St,2020-10-08T21:02:34.135000Z,,1602189614.0,1.0,1.0,337,,,,0.1434955498963717,Downtown Oakland,Alameda Co.
5268,38,5.0,17.0,ford-gobike,37.80477,-122.40323400000001,The Embarcadero at Sansome St,2020-10-08T21:02:34.138000Z,,1602190186.0,1.0,1.0,6,,,,0.00465000000000515,North Beach,San Francisco Co.
5269,39,18.0,1.0,ford-gobike,37.765052000000004,-122.42186609999999,Valencia St at 16th St,2020-10-08T21:02:34.141000Z,,1602188794.0,1.0,1.0,98,,,,0.05370010000000036,Mission District,San Francisco Co.
5270,40,20.0,3.0,ford-gobike,37.77176211031317,-122.39843755960464,Berry St at King St,2020-10-08T21:02:34.142000Z,,1602186600.0,1.0,1.0,91,,,,0.038408330082177145,Mission Bay,San Francisco Co.
5271,41,10.0,17.0,ford-gobike,37.771058000000004,-122.402717,Townsend St at 7th St,2020-10-08T21:02:34.143000Z,,1602188794.0,1.0,1.0,90,,,,0.03483300000000611,South of Market,San Francisco Co.
5272,42,9.0,16.0,ford-gobike,37.772300631747626,-122.39302754402159,Mission Bay Kids Park,2020-10-08T21:02:34.146000Z,,1602189752.0,1.0,1.0,92,,,,0.043279824230779695,Mission Bay,San Francisco Co.
5273,43,18.0,9.0,ford-gobike,37.7662185,-122.4310597,Sanchez St at 15th St,2020-10-08T21:02:34.147000Z,,1602188661.0,1.0,1.0,95,,,,0.061727199999999975,Upper Market,San Francisco Co.
5274,44,5.0,18.0,ford-gobike,37.8717192,-122.27306770000001,MLK Jr Way at University Ave,2020-10-08T21:02:34.151000Z,,1602184206.0,1.0,1.0,238,,,,0.2017655000000076,Downtown Berkeley,Alameda Co.
5275,45,13.0,10.0,ford-gobike,37.8688126,-122.25876399999999,Bancroft Way at Telegraph Ave,2020-10-08T21:02:34.152000Z,,1602188131.0,1.0,1.0,239,,,,0.213162600000004,Berkeley,Alameda Co.
5276,46,15.0,4.0,ford-gobike,37.778058,-122.2254,Fruitvale Ave at International Blvd,2020-10-08T21:02:34.153000Z,,1602156209.0,1.0,1.0,234,,,,0.20515000000000327,Saint Elizabeth,Alameda Co.
5277,47,14.0,5.0,ford-gobike,37.8072393,-122.28937020000001,Union St at 10th St,2020-10-08T21:02:34.154000Z,,1602155605.0,1.0,1.0,235,,,,0.12098310000001078,Oak Center,Alameda Co.
5278,48,22.0,1.0,ford-gobike,37.8036865,-122.28249699999999,Market St at 8th St,2020-10-08T21:02:34.155000Z,,1602175343.0,1.0,1.0,236,,,,0.12430349999999635,Acorn-Acorn Industrial,Alameda Co.
5279,49,13.0,2.0,ford-gobike,37.7752321,-122.22449820000001,Fruitvale BART Station,2020-10-08T21:02:34.156000Z,,1602171776.0,1.0,1.0,237,,,,0.20887770000000214,Fruitvale Station,Alameda Co.
5280,50,14.0,5.0,ford-gobike,37.80874983465997,-122.28328227996825,14th St at Filbert St,2020-10-08T21:02:34.160000Z,,1602157715.0,1.0,1.0,231,,,,0.12858155469172772,Oak Center,Alameda Co.
5281,51,17.0,2.0,ford-gobike,37.806162799999996,-122.2760402,MLK Jr Way at 14th St,2020-10-08T21:02:34.161000Z,,1602182491.0,1.0,1.0,232,,,,0.1332366000000107,Old City-Produce & Waterfront,Alameda Co.
5282,52,13.0,6.0,ford-gobike,37.744066700000005,-122.42147220000001,29th St at Tiffany Ave,2020-10-08T21:02:34.165000Z,,1602189494.0,1.0,1.0,147,,,,0.07429149999999396,Bernal Heights,San Francisco Co.
5283,53,4.0,11.0,ford-gobike,37.747299600000005,-122.41140290000001,Precita Park,2020-10-08T21:02:34.167000Z,,1602188588.0,1.0,1.0,144,,,,0.0609892999999957,Bernal Heights,San Francisco Co.
5284,54,5.0,10.0,ford-gobike,37.7436839,-122.42680590000002,29th St at Church St,2020-10-08T21:02:34.168000Z,,1602184875.0,1.0,1.0,145,,,,0.08000799999999941,Noe Valley,San Francisco Co.
5285,55,12.0,3.0,ford-gobike,37.74573879618333,-122.42214024066924,Guerrero Park,2020-10-08T21:02:34.170000Z,,1602184275.0,1.0,1.0,142,,,,0.07328744448592063,Noe Valley,San Francisco Co.
5286,56,5.0,10.0,ford-gobike,37.7478584,-122.42498629999999,Cesar Chavez St at Dolores St,2020-10-08T21:02:34.171000Z,,1602188137.0,1.0,1.0,140,,,,0.07401389999999708,Noe Valley,San Francisco Co.
5287,57,11.0,6.0,ford-gobike,37.747998100000004,-122.42021869999999,Valencia St at Cesar Chavez St,2020-10-08T21:02:34.175000Z,,1602190243.0,1.0,1.0,141,,,,0.0691066000000049,Bernal Heights,San Francisco Co.
5288,58,9.0,14.0,ford-gobike,37.82970460000001,-122.28761019999999,Horton St at 40th St,2020-10-08T21:02:34.184000Z,,1602189146.0,1.0,1.0,148,,,,0.14520840000000135,Clawson,Alameda Co.
5289,59,2.0,21.0,ford-gobike,37.8312752,-122.28563329999999,Emeryville Town Hall,2020-10-08T21:02:34.185000Z,,1602190323.0,1.0,1.0,149,,,,0.14875590000000471,Emeryville,Alameda Co.
5290,60,1.0,6.0,ford-gobike,37.7552126,-122.42097520000002,Valencia St at 22nd St,2020-10-08T21:02:34.187000Z,,1602188741.0,1.0,1.0,133,,,,0.06264859999999572,Mission District,San Francisco Co.
5291,61,16.0,3.0,ford-gobike,37.751819399999995,-122.42661389999999,24th St at Chattanooga St,2020-10-08T21:02:34.188000Z,,1602190336.0,1.0,1.0,132,,,,0.07168049999999937,Noe Valley,San Francisco Co.
5292,62,12.0,7.0,ford-gobike,37.750506,-122.4339496,Jersey St at Castro St,2020-10-08T21:02:34.191000Z,,1602172624.0,1.0,1.0,137,,,,0.08032959999999889,Noe Valley,San Francisco Co.
5293,63,12.0,11.0,ford-gobike,37.7524278,-122.42062779999999,Valencia St at 24th St,2020-10-08T21:02:34.193000Z,,1602190067.0,1.0,1.0,134,,,,0.06508600000000088,Mission District,San Francisco Co.
5294,64,10.0,9.0,ford-gobike,37.7509004,-122.42741140000001,Jersey St at Church St,2020-10-08T21:02:34.205000Z,,1602185470.0,1.0,1.0,138,,,,0.07339699999999283,Noe Valley,San Francisco Co.
5295,65,11.0,7.0,ford-gobike,37.78967670000001,-122.39042849999998,Spear St at Folsom St,2020-10-08T21:02:34.210000Z,,1602190729.0,1.0,1.0,24,,,,0.028502799999998274,South of Market,San Francisco Co.
5296,66,11.0,8.0,ford-gobike,37.787290000000006,-122.39438,1st St at Folsom St,2020-10-08T21:02:34.215000Z,,1602189643.0,1.0,1.0,26,,,,0.026938000000001242,South of Market,San Francisco Co.
5297,67,8.0,13.0,ford-gobike,37.7913,-122.399051,Mechanics Monument Plaza (Market St at Bush St),2020-10-08T21:02:34.222000Z,,1602189415.0,1.0,1.0,20,,,,0.018256999999998413,South of Market,San Francisco Co.
5298,68,8.0,30.0,ford-gobike,37.7896254,-122.400811,Montgomery St BART Station (Market St at 2nd St),2020-10-08T21:02:34.223000Z,,1602190299.0,1.0,1.0,21,,,,0.01817159999999518,Downtown San Francisco,San Francisco Co.
5299,69,21.0,5.0,ford-gobike,37.7824046019341,-122.43944585323335,O'Farrell St at Divisadero St,2020-10-08T21:02:34.233000Z,,1602186613.0,1.0,1.0,29,,,,0.053927251299242585,Western Addition,San Francisco Co.
5300,70,5.0,10.0,ford-gobike,37.315157929983116,-121.89783275127412,Bird Ave at Coe Ave,2020-10-08T21:02:34.234000Z,,1602172756.0,1.0,1.0,407,,,,0.9956173187427524,Broadway Palmhaven,Santa Clara Co.
5301,71,8.0,19.0,ford-gobike,37.316736478493425,-121.91000461578369,Parkmoor Ave at Race St,2020-10-08T21:02:34.235000Z,,1602176901.0,1.0,1.0,406,,,,0.9818669057228816,Downtown,Santa Clara Co.
5302,72,12.0,15.0,ford-gobike,37.32345133870681,-121.90597593784331,Sunol St at San Carlos St,2020-10-08T21:02:34.236000Z,,1602189271.0,1.0,1.0,405,,,,0.9791807234498648,Downtown,Santa Clara Co.
5303,73,6.0,13.0,ford-gobike,37.345758795303155,-121.87067806720735,21st St at Santa Clara St,2020-10-08T21:02:34.237000Z,,1602188146.0,1.0,1.0,404,,,,0.9921711374894926,Roosevelt Park,Santa Clara Co.
5304,74,5.0,18.0,ford-gobike,37.35683435278089,-121.89593575894831,Raymond Bernal Jr Memorial Park (8th St at Hedding St),2020-10-08T21:02:34.238000Z,,1602190400.0,1.0,1.0,402,,,,0.9558378882708,Hyde Park,Santa Clara Co.
5305,75,9.0,10.0,ford-gobike,37.36522655191025,-121.9168147444725,Skyport Dr at Technology Dr,2020-10-08T21:02:34.245000Z,,1602156812.0,1.0,1.0,401,,,,0.9265667036172474,North San Jose,Santa Clara Co.
5306,76,21.0,2.0,ford-gobike,37.839543082665635,-122.2987177222967,2100 Powell St,2020-10-08T21:02:34.247000Z,,1602178832.0,1.0,1.0,409,,,,0.1439393603689325,Emeryville,Alameda Co.
5307,77,2.0,17.0,ford-gobike,37.80274615250053,-122.41357862949371,Lombard St at Columbus Ave,2020-10-08T21:02:34.249000Z,,1602186815.0,1.0,1.0,371,,,,0.007718476993190394,North Beach,San Francisco Co.
5308,78,11.0,8.0,ford-gobike,37.7873267660624,-122.41327822208405,Jones St at Post St,2020-10-08T21:02:34.250000Z,,1602188505.0,1.0,1.0,370,,,,0.02283745602164089,Civic Center Tenderloin,San Francisco Co.
5309,79,14.0,9.0,ford-gobike,37.75179164525661,-122.40521550178528,Potrero del Sol Park (25th St at Utah St),2020-10-08T21:02:34.252000Z,,1602186571.0,1.0,1.0,373,,,,0.05160085295811001,Mission District,San Francisco Co.
5310,80,17.0,2.0,ford-gobike,37.8040367840236,-122.26240932941437,Madison St at 17th St,2020-10-08T21:02:34.255000Z,,1602186252.0,1.0,1.0,372,,,,0.14474145460924606,Lakewide,Alameda Co.
5311,81,4.0,11.0,ford-gobike,37.36406046225881,-121.9117319583893,Sonora Ave at 1st St,2020-10-08T21:02:34.268000Z,,1602170456.0,1.0,1.0,392,,,,0.9328155793518961,Rosemary Gardens,Santa Clara Co.
5312,82,0.0,27.0,ford-gobike,37.770029799999996,-122.41172579999999,11th St at Bryant St,2020-10-08T21:02:34.269000Z,,1602188962.0,1.0,1.0,88,,,,0.03858199999999101,Mission District,San Francisco Co.
5313,83,6.0,17.0,ford-gobike,37.36186680025918,-121.90931528806688,Gish Rd at 1st St,2020-10-08T21:02:34.271000Z,,1602173521.0,1.0,1.0,397,,,,0.9374259116739408,Rosemary Gardens,Santa Clara Co.
5314,84,6.0,17.0,ford-gobike,37.36767805240811,-121.9187942147255,Metro Dr at Technology Dr,2020-10-08T21:02:34.275000Z,,1602179161.0,1.0,1.0,396,,,,0.9221357328663942,North San Jose,Santa Clara Co.
5315,85,6.0,21.0,ford-gobike,37.36085415525383,-121.90683424472807,Kerley Dr at Rosemary St,2020-10-08T21:02:34.276000Z,,1602186140.0,1.0,1.0,395,,,,0.9409196000180842,North San Jose,Santa Clara Co.
5316,86,10.0,9.0,ford-gobike,37.796470691622936,-122.4168576300144,Leavenworth St at Broadway,2020-10-08T21:02:34.288000Z,,1602188456.0,1.0,1.0,398,,,,0.017272938391464262,Nob Hill,San Francisco Co.
5317,87,8.0,10.0,ford-gobike,37.769200500000004,-122.4338119,Duboce Park,2020-10-08T21:02:34.292000Z,,1602190929.0,1.0,1.0,84,,,,0.06149739999999326,Upper Market,San Francisco Co.
5318,88,9.0,20.0,ford-gobike,37.870139,-122.268422,Downtown Berkeley BART,2020-10-08T21:02:34.296000Z,,1602170153.0,1.0,1.0,245,,,,0.20483100000000576,Downtown Berkeley,Alameda Co.
5319,89,22.0,1.0,ford-gobike,37.87367621459825,-122.26848721504213,Shattuck Ave at Hearst Ave,2020-10-08T21:02:34.297000Z,,1602182713.0,1.0,1.0,244,,,,0.20830299955613896,Downtown Berkeley,Alameda Co.
5320,90,20.0,3.0,ford-gobike,37.867789200000004,-122.26589640000002,Fulton St at Bancroft Way,2020-10-08T21:02:34.298000Z,,1602187558.0,1.0,1.0,247,,,,0.2050067999999996,Downtown Berkeley,Alameda Co.
5321,91,4.0,23.0,ford-gobike,37.869059899999996,-122.270556,Berkeley Civic Center,2020-10-08T21:02:34.299000Z,,1602189987.0,1.0,1.0,246,,,,0.20161790000000931,Downtown Berkeley,Alameda Co.
5322,92,19.0,4.0,ford-gobike,37.8524766,-122.2702132,Ashby BART Station,2020-10-08T21:02:34.301000Z,,1602184626.0,1.0,1.0,241,,,,0.18537740000000724,South Berkeley,Alameda Co.
5323,93,13.0,6.0,ford-gobike,37.866043100000006,-122.2588044,Haste St at Telegraph Ave,2020-10-08T21:02:34.302000Z,,1602187550.0,1.0,1.0,240,,,,0.2103527000000014,South Berkeley,Alameda Co.
5324,94,18.0,10.0,ford-gobike,37.8693603,-122.25433740000001,Bancroft Way at College Ave,2020-10-08T21:02:34.303000Z,,1602188531.0,1.0,1.0,243,,,,0.21813690000000466,Berkeley,Alameda Co.
5325,95,14.0,5.0,ford-gobike,37.8559558,-122.2597949,Telegraph Ave at Ashby Ave,2020-10-08T21:02:34.306000Z,,1602185855.0,1.0,1.0,248,,,,0.19927489999999887,South Berkeley,Alameda Co.
5326,96,13.0,6.0,ford-gobike,37.819381400000005,-122.2619284,Broadway at 30th St,2020-10-08T21:02:34.379000Z,,1602175566.0,1.0,1.0,178,,,,0.16056700000000035,Oakland Avenue-Harrison Street,Alameda Co.
5327,97,14.0,5.0,ford-gobike,37.82628629999999,-122.2651002,MacArthur Blvd at Telegraph Ave,2020-10-08T21:02:34.381000Z,,1602155303.0,1.0,1.0,177,,,,0.1643000999999984,Mosswood,Alameda Co.
5328,98,11.0,20.0,ford-gobike,37.82840997305853,-122.26631462574005,MacArthur BART Station,2020-10-08T21:02:34.382000Z,,1602183978.0,1.0,1.0,176,,,,0.16520934731848058,Mosswood,Alameda Co.
5329,99,15.0,0.0,ford-gobike,37.8359455,-122.2623663,49th St at Telegraph Ave,2020-10-08T21:02:34.383000Z,,1602120879.0,0.0,0.0,175,,,,0.17669320000000965,Temescal,Alameda Co.
5330,100,19.0,0.0,ford-gobike,37.8368013,-122.2640037,Shattuck Ave at 51st St,2020-10-08T21:02:34.384000Z,,1602155303.0,1.0,1.0,174,,,,0.17591159999999914,Temescal,Alameda Co.
5331,101,14.0,1.0,ford-gobike,37.8403643,-122.26448810000001,Shattuck Ave at 55th St,2020-10-08T21:02:34.385000Z,,1602155304.0,1.0,1.0,173,,,,0.17899020000000831,Bushrod,Alameda Co.
5332,102,12.0,3.0,ford-gobike,37.8417999,-122.25153490000001,College Ave at Taft Ave,2020-10-08T21:02:34.397000Z,,1602155304.0,1.0,1.0,172,,,,0.1933790000000073,Rockridge,Alameda Co.
5333,103,17.0,7.0,ford-gobike,37.84427875399067,-122.251900434494,Rockridge BART Station,2020-10-08T21:02:34.398000Z,,1602174813.0,1.0,1.0,171,,,,0.19549231949667245,Shafter,Alameda Co.
5334,104,15.0,0.0,ford-gobike,37.8444927,-122.261351,Telegraph Ave at 58th St,2020-10-08T21:02:34.399000Z,,1602160437.0,1.0,1.0,170,,,,0.1862557000000038,Bushrod,Alameda Co.
5335,105,21.0,6.0,ford-gobike,37.8087021,-122.26992709999999,Telegraph Ave at 19th St,2020-10-08T21:02:34.411000Z,,1602184936.0,1.0,1.0,183,,,,0.14188899999999904,Downtown Oakland,Alameda Co.
5336,106,8.0,11.0,ford-gobike,37.8126783,-122.2687726,Telegraph Ave at 23rd St,2020-10-08T21:02:34.413000Z,,1602188079.0,1.0,1.0,180,,,,0.1470197000000013,Northgate,Alameda Co.
5337,107,21.0,6.0,ford-gobike,37.8113768,-122.2651925,Grand Ave at Webster St,2020-10-08T21:02:34.422000Z,,1602185642.0,1.0,1.0,181,,,,0.1492983000000052,Waverly,Alameda Co.
5338,108,20.0,7.0,ford-gobike,37.8013189,-122.26264180000001,Lakeside Dr at 14th St,2020-10-08T21:02:34.424000Z,,1602187584.0,1.0,1.0,186,,,,0.1446473000000026,Lakewide,Alameda Co.
5339,109,13.0,2.0,ford-gobike,37.8426295,-122.267738,Dover St at 57th St,2020-10-08T21:02:34.426000Z,,1602180937.0,1.0,1.0,188,,,,0.1780055000000118,Bushrod,Alameda Co.
5340,110,13.0,2.0,ford-gobike,37.83964879999999,-122.2717561,Genoa St at 55th St,2020-10-08T21:02:34.428000Z,,1602186102.0,1.0,1.0,189,,,,0.1710066999999995,Santa Fe,Alameda Co.
5341,111,21.0,14.0,ford-gobike,37.79728,-122.398436,Davis St at Jackson St,2020-10-08T21:02:34.432000Z,,1602189332.0,1.0,1.0,11,,,,0.012891999999993686,Downtown San Francisco,San Francisco Co.
5342,112,13.0,18.0,ford-gobike,37.795001,-122.39997,Clay St at Battery St,2020-10-08T21:02:34.446000Z,,1602186412.0,1.0,1.0,14,,,,0.013637000000002786,Financial District,San Francisco Co.
5343,113,11.0,15.0,ford-gobike,37.792251,-122.39708600000002,Embarcadero BART Station (Beale St at Market St),2020-10-08T21:02:34.448000Z,,1602188804.0,1.0,1.0,17,,,,0.019270999999996263,South of Market,San Francisco Co.
5344,114,11.0,24.0,ford-gobike,37.788975,-122.403452,Post St at Kearny St,2020-10-08T21:02:34.451000Z,,1602189514.0,1.0,1.0,19,,,,0.016180999999996004,Union Square,San Francisco Co.
5345,115,10.0,1.0,ford-gobike,37.85022187449679,-122.26017236709595,Telegraph Ave at Alcatraz Ave,2020-10-08T21:02:34.454000Z,,1602188158.0,1.0,1.0,18,,,,0.19316350740084687,Fairview Park,Alameda Co.
5346,116,8.0,11.0,ford-gobike,37.33203868095132,-121.8817663192749,5th St at San Salvador St,2020-10-08T21:02:34.479000Z,,1602155003.0,1.0,1.0,327,,,,0.9948029997737748,South Campus,Santa Clara Co.
5347,117,20.0,7.0,ford-gobike,37.78829997815083,-122.40853071212769,Union Square (Powell St at Post St),2020-10-08T21:02:34.480000Z,,1602190519.0,1.0,1.0,324,,,,0.017116733976841658,Downtown San Francisco,San Francisco Co.
5348,118,14.0,13.0,ford-gobike,37.8007544,-122.2748943,Washington St at 8th St,2020-10-08T21:02:34.497000Z,,1602184952.0,1.0,1.0,202,,,,0.132959299999996,Old City-Produce & Waterfront,Alameda Co.
5349,119,12.0,7.0,ford-gobike,37.84018579999999,-122.26182250000001,55th St at Telegraph Ave,2020-10-08T21:02:34.500000Z,,1602186960.0,1.0,1.0,204,,,,0.1814773000000116,Shafter,Alameda Co.
5350,120,23.0,0.0,ford-gobike,37.8357883,-122.25162069999999,Broadway at Coronado Ave,2020-10-08T21:02:34.501000Z,,1602189378.0,1.0,1.0,207,,,,0.1872815999999986,Shafter,Alameda Co.
5351,121,19.0,4.0,ford-gobike,37.8381269,-122.25127140000002,College Ave at Bryant Ave,2020-10-08T21:02:34.502000Z,,1602176178.0,1.0,1.0,206,,,,0.1899695000000108,Rockridge,Alameda Co.
5352,122,1.0,18.0,ford-gobike,37.332799523860714,-121.88385039567946,4th St at San Carlos St,2020-10-08T21:02:34.505000Z,,1602186878.0,1.0,1.0,208,,,,0.9919580804598312,South Campus,Santa Clara Co.
5353,123,19.0,0.0,ford-gobike,37.773506899999994,-122.4160402,11th St at Natoma St,2020-10-08T21:02:34.512000Z,,1602179003.0,1.0,1.0,77,,,,0.039419299999991615,Mission District,San Francisco Co.
5354,124,4.0,31.0,ford-gobike,37.773793206088705,-122.42123901844023,Market St at Franklin St,2020-10-08T21:02:34.515000Z,,1602188800.0,1.0,1.0,75,,,,0.04433181235154393,Hayes Valley,San Francisco Co.
5355,125,19.0,8.0,ford-gobike,37.7717933,-122.43370790000002,Pierce St at Haight St,2020-10-08T21:02:34.518000Z,,1602189796.0,1.0,1.0,73,,,,0.05880059999999788,Haight-Ashbury,San Francisco Co.
5356,126,20.0,7.0,ford-gobike,37.773062700000004,-122.4390777,Broderick St at Oak St,2020-10-08T21:02:34.523000Z,,1602182999.0,1.0,1.0,71,,,,0.06290099999999654,Western Addition,San Francisco Co.
5357,127,18.0,13.0,ford-gobike,37.77331087889723,-122.44429260492323,Central Ave at Fell St,2020-10-08T21:02:34.528000Z,,1602188925.0,1.0,1.0,70,,,,0.06786772602601587,Western Addition,San Francisco Co.
5358,128,11.0,12.0,ford-gobike,37.799953,-122.398525,The Embarcadero at Vallejo St,2020-10-08T21:02:34.546000Z,,1602184324.0,1.0,1.0,8,,,,0.010129999999989536,North Beach,San Francisco Co.
5359,129,12.0,14.0,ford-gobike,37.7614205,-122.4264353,Mission Dolores Park,2020-10-08T21:02:34.547000Z,,1602188479.0,1.0,1.0,120,,,,0.061900799999989424,Castro,San Francisco Co.
5360,130,9.0,14.0,ford-gobike,37.75921029999999,-122.4213392,Mission Playground,2020-10-08T21:02:34.548000Z,,1602188954.0,1.0,1.0,121,,,,0.059014900000001085,Mission District,San Francisco Co.
5361,131,0.0,19.0,ford-gobike,37.7605936,-122.41481709999998,Folsom St at 19th St,2020-10-08T21:02:34.551000Z,,1602182572.0,1.0,1.0,123,,,,0.051109499999988366,Mission District,San Francisco Co.
5362,132,21.0,10.0,ford-gobike,37.7616343,-122.3906477,Esprit Park,2020-10-08T21:02:34.561000Z,,1602189757.0,1.0,1.0,126,,,,0.05632599999999855,Potrero Hill,San Francisco Co.
5363,133,16.0,7.0,ford-gobike,37.7567083,-122.421025,Valencia St at 21st St,2020-10-08T21:02:34.576000Z,,1602189496.0,1.0,1.0,127,,,,0.0612026999999955,Mission District,San Francisco Co.
5364,134,9.0,10.0,ford-gobike,37.758862,-122.412544,Harrison St at 20th St,2020-10-08T21:02:34.592000Z,,1602190457.0,1.0,1.0,129,,,,0.05056799999999129,Mission District,San Francisco Co.
5365,135,7.0,12.0,ford-gobike,37.31975695999228,-121.89299941062927,Delmas Ave at Virginia St,2020-10-08T21:02:34.594000Z,,1602185852.0,1.0,1.0,415,,,,0.9958516293784428,Gardner,Santa Clara Co.
5366,136,7.0,16.0,ford-gobike,37.321181834267314,-121.9030898809433,Auzerais Ave at Los Gatos Creek Trail,2020-10-08T21:02:34.595000Z,,1602190026.0,1.0,1.0,416,,,,0.9843362847893856,Hannah Gregory,Santa Clara Co.
5367,137,1.0,22.0,ford-gobike,37.326010847940815,-121.91232740879057,Park Ave at Race St,2020-10-08T21:02:34.596000Z,,1602157112.0,1.0,1.0,417,,,,0.9702697432686164,Shasta Hanchett Park,Santa Clara Co.
5368,138,15.0,11.0,ford-gobike,37.774017937683546,-122.4238085746765,Octavia Blvd at Page St,2020-10-08T21:02:34.599000Z,,1602188594.0,1.0,1.0,411,,,,0.046676636992948765,Hayes Valley,San Francisco Co.
5369,139,18.0,22.0,ford-gobike,37.7328128005294,-122.43414044380188,Glen Park BART Station,2020-10-08T21:02:34.602000Z,,1602190781.0,1.0,1.0,412,,,,0.09821364327247296,Sunnyside,San Francisco Co.
5370,140,8.0,11.0,ford-gobike,37.72055498872064,-122.4477231502533,Balboa Park BART Station,2020-10-08T21:02:34.612000Z,,1602177230.0,1.0,1.0,413,,,,0.12405416153265493,Mission Terrace,San Francisco Co.
5371,141,5.0,14.0,ford-gobike,37.34398467798214,-121.87438488006592,17th St at Santa Clara St,2020-10-08T21:02:34.615000Z,,1602115250.0,1.0,1.0,418,,,,0.9902384419519236,Julian Saint James,Santa Clara Co.
5372,142,5.0,10.0,ford-gobike,37.330698,-121.888979,San Carlos St at Market St,2020-10-08T21:02:34.617000Z,,1602155606.0,1.0,1.0,318,,,,0.9889309999999938,Downtown San Jose,Santa Clara Co.
5373,143,6.0,17.0,ford-gobike,37.331415,-121.8932,Almaden Blvd at San Fernando St,2020-10-08T21:02:34.619000Z,,1602155605.0,1.0,1.0,313,,,,0.9839930000000052,Downtown San Jose,Santa Clara Co.
5374,144,5.0,29.0,ford-gobike,37.329732,-121.90178200000001,San Jose Diridon Station,2020-10-08T21:02:34.620000Z,,1602178658.0,1.0,1.0,312,,,,0.977094000000001,Downtown,Santa Clara Co.
5375,145,7.0,12.0,ford-gobike,37.333798,-121.88694299999999,Paseo De San Antonio at 2nd St,2020-10-08T21:02:34.621000Z,,1602177193.0,1.0,1.0,311,,,,0.9878669999999944,Downtown San Jose,Santa Clara Co.
5376,146,7.0,16.0,ford-gobike,37.335885,-121.88566000000002,San Fernando St at 4th St,2020-10-08T21:02:34.624000Z,,1602189382.0,1.0,1.0,310,,,,0.9870629999999992,Downtown San Jose,Santa Clara Co.
5377,147,4.0,15.0,ford-gobike,37.333954999999996,-121.877349,San Salvador St at 9th St,2020-10-08T21:02:34.632000Z,,1602190382.0,1.0,1.0,317,,,,0.9973039999999996,South Campus,Santa Clara Co.
5378,148,9.0,10.0,ford-gobike,37.33116799422201,-121.88693761825563,1st St at San Carlos St,2020-10-08T21:02:34.633000Z,,1602180672.0,1.0,1.0,316,,,,0.9905023875223762,Downtown San Jose,Santa Clara Co.
5379,149,14.0,1.0,ford-gobike,37.834174,-122.27296799999999,Market St at 45th St,2020-10-08T21:02:34.634000Z,,1602182756.0,1.0,1.0,315,,,,0.16431999999999647,Longfellow,Alameda Co.
5380,150,5.0,6.0,ford-gobike,37.333988,-121.894902,Santa Clara St at Almaden Blvd,2020-10-08T21:02:34.636000Z,,1602155605.0,1.0,1.0,314,,,,0.9797179999999984,Downtown San Jose,Santa Clara Co.
5381,151,6.0,29.0,ford-gobike,37.78637526861584,-122.40490436553955,Powell St BART Station (Market St at 4th St),2020-10-08T21:02:34.639000Z,,1602190292.0,1.0,1.0,3,,,,0.017328365844619498,Downtown San Francisco,San Francisco Co.
5382,152,21.0,9.0,ford-gobike,37.7719996,-122.38996979999999,China Basin St at 3rd St,2020-10-08T21:02:34.653000Z,,1602190276.0,1.0,1.0,364,,,,0.04663859999999431,Mission Bay,San Francisco Co.
5383,153,22.0,1.0,ford-gobike,37.78045005996349,-122.43194639682768,Turk St at Fillmore St,2020-10-08T21:02:34.655000Z,,1602186296.0,1.0,1.0,365,,,,0.04838233686418647,Western Addition,San Francisco Co.
5384,154,18.0,1.0,ford-gobike,37.73172669352171,-122.39005565643309,Lane St at Revere Ave,2020-10-08T21:02:34.656000Z,,1602173364.0,1.0,1.0,362,,,,0.08682565004519205,San Francisco,San Francisco Co.
5385,155,8.0,27.0,ford-gobike,37.78749210438603,-122.3982846736908,Salesforce Transit Center (Natoma St at 2nd St),2020-10-08T21:02:34.657000Z,,1602189503.0,1.0,1.0,363,,,,0.02283122192316966,South of Market,San Francisco Co.
5386,156,6.0,13.0,ford-gobike,37.73985301798413,-122.38565549254416,Mendell St at Fairfax Ave,2020-10-08T21:02:34.661000Z,,1602177775.0,1.0,1.0,361,,,,0.08309948947169943,San Francisco,San Francisco Co.
5387,157,12.0,11.0,ford-gobike,37.779046658472055,-122.44729131460188,Masonic Ave at Turk St,2020-10-08T21:02:34.669000Z,,1602184109.0,1.0,1.0,380,,,,0.06513065612982416,Richmond District,San Francisco Co.
5388,158,23.0,3.0,ford-gobike,37.75823842417928,-122.4260938167572,20th St at Dolores St,2020-10-08T21:02:34.676000Z,,1602188886.0,1.0,1.0,381,,,,0.06474139257791478,Castro,San Francisco Co.
5389,159,13.0,1.0,ford-gobike,37.8505777,-122.2781754,Woolsey St at Sacramento St,2020-10-08T21:02:34.680000Z,,1602185514.0,1.0,1.0,385,,,,0.1755163000000124,South Berkeley,Alameda Co.
5390,160,1.0,15.0,ford-gobike,37.75210498442358,-122.41972357034685,24th St at Bartlett St,2020-10-08T21:02:34.681000Z,,1602190874.0,1.0,1.0,386,,,,0.06450458592325248,Mission District,San Francisco Co.
5391,161,10.0,9.0,ford-gobike,37.73981271734901,-122.42552250623704,Randall St at Chenery St,2020-10-08T21:02:34.682000Z,,1602181007.0,1.0,1.0,387,,,,0.082595788888014,Glen Park,San Francisco Co.
5392,162,4.0,11.0,ford-gobike,37.352886827291215,-121.88604980707169,Backesto Park (Jackson St at 13th St),2020-10-08T21:02:34.696000Z,,1602155003.0,1.0,1.0,388,,,,0.9696713656371044,East Northside,Santa Clara Co.
5393,163,9.0,14.0,ford-gobike,37.35306166133104,-121.89193725585936,Taylor St at 9th St,2020-10-08T21:02:34.712000Z,,1602185497.0,1.0,1.0,389,,,,0.9636090828095972,West Northside,Santa Clara Co.
5394,164,20.0,11.0,ford-gobike,37.774520401136854,-122.4094493687153,8th St at Ringold St,2020-10-08T21:02:34.738000Z,,1602190417.0,1.0,1.0,60,,,,0.03181496757844826,South of Market,San Francisco Co.
5395,165,4.0,23.0,ford-gobike,37.7765126,-122.4113061,Howard St at 8th St,2020-10-08T21:02:34.743000Z,,1602190821.0,1.0,1.0,61,,,,0.03167950000000275,South of Market,San Francisco Co.
5396,166,17.0,6.0,ford-gobike,37.8723555,-122.26644669999999,University Ave at Oxford St,2020-10-08T21:02:34.744000Z,,1602184932.0,1.0,1.0,258,,,,0.2090227999999996,Downtown Berkeley,Alameda Co.
5397,167,4.0,19.0,ford-gobike,37.866248999999996,-122.29937079999999,Addison St at Fourth St,2020-10-08T21:02:34.745000Z,,1602188927.0,1.0,1.0,259,,,,0.16999220000000292,SouthWest Berkeley,Alameda Co.
5398,168,19.0,4.0,ford-gobike,37.865846600000005,-122.26744309999998,Channing Way at Shattuck Ave,2020-10-08T21:02:34.747000Z,,1602177682.0,1.0,1.0,252,,,,0.20151750000000845,Downtown Berkeley,Alameda Co.
5399,169,17.0,6.0,ford-gobike,37.86641794050319,-122.25379943847656,Haste St at College Ave,2020-10-08T21:02:34.748000Z,,1602180716.0,1.0,1.0,253,,,,0.21573250202664696,Elmwood,Alameda Co.
5400,170,15.0,12.0,ford-gobike,37.873558,-122.283093,North Berkeley BART Station,2020-10-08T21:02:34.749000Z,,1602187749.0,1.0,1.0,250,,,,0.19357900000001396,Northwest Berkeley,Alameda Co.
5401,171,5.0,10.0,ford-gobike,37.87055532905745,-122.27972030639648,California St at University Ave,2020-10-08T21:02:34.752000Z,,1602165489.0,1.0,1.0,251,,,,0.19394902266097347,South Berkeley,Alameda Co.
5402,172,10.0,5.0,ford-gobike,37.87511169286445,-122.26055324077606,Hearst Ave at Euclid Ave,2020-10-08T21:02:34.753000Z,,1602185760.0,1.0,1.0,256,,,,0.2176724520883866,North Berkeley,Alameda Co.
5403,173,4.0,11.0,ford-gobike,37.870407115465376,-122.29967594146729,Fifth St at Delaware St,2020-10-08T21:02:34.755000Z,,1602186140.0,1.0,1.0,257,,,,0.17384517399811014,Northwest Berkeley,Alameda Co.
5404,174,9.0,6.0,ford-gobike,37.88022244590679,-122.26959228515624,Vine St at Shattuck Ave,2020-10-08T21:02:34.762000Z,,1602188673.0,1.0,1.0,254,,,,0.2137441607505579,North Berkeley,Alameda Co.
5405,175,21.0,2.0,ford-gobike,37.876572549106854,-122.26952791213988,Virginia St at Shattuck Ave,2020-10-08T21:02:34.763000Z,,1602156510.0,1.0,1.0,255,,,,0.21015863696696613,North Berkeley,Alameda Co.
5406,176,7.0,8.0,ford-gobike,37.849594967776646,-122.26556897163393,Alcatraz Ave at Shattuck Ave,2020-10-08T21:02:34.815000Z,,1602156510.0,1.0,1.0,168,,,,0.1871399961427258,Bushrod,Alameda Co.
5407,177,10.0,9.0,ford-gobike,37.846515600000004,-122.26530430000001,Bushrod Park,2020-10-08T21:02:34.816000Z,,1602155304.0,1.0,1.0,169,,,,0.1843253000000047,Bushrod,Alameda Co.
5408,178,8.0,11.0,ford-gobike,37.814988230424156,-122.27484405040741,Isabella St at San Pablo Ave,2020-10-08T21:02:34.818000Z,,1602178917.0,1.0,1.0,164,,,,0.14325818001675114,Hoover-Foster,Alameda Co.
5409,179,10.0,5.0,ford-gobike,37.8513755,-122.25252330000001,College Ave at Alcatraz Ave,2020-10-08T21:02:34.819000Z,,1602187943.0,1.0,1.0,166,,,,0.2019662000000153,Fairview Park,Alameda Co.
5410,180,19.0,0.0,ford-gobike,37.848152,-122.25215990000001,College Ave at Harwood Ave,2020-10-08T21:02:34.820000Z,,1602156208.0,1.0,1.0,167,,,,0.19910610000000872,Rockridge,Alameda Co.
5411,181,5.0,18.0,ford-gobike,37.805318299999996,-122.2948365,West Oakland BART Station,2020-10-08T21:02:34.821000Z,,1602189565.0,1.0,1.0,160,,,,0.11359580000000592,South Prescott,Alameda Co.
5412,182,21.0,6.0,ford-gobike,37.8005161,-122.27207990000001,Franklin St at 9th St,2020-10-08T21:02:34.822000Z,,1602155304.0,1.0,1.0,162,,,,0.1360120000000009,Chinatown,Alameda Co.
5413,183,25.0,2.0,ford-gobike,37.7973195,-122.26531990000001,Lake Merritt BART Station,2020-10-08T21:02:34.833000Z,,1602183834.0,1.0,1.0,163,,,,0.14596860000000333,Peralta-Laney,Alameda Co.
5414,184,14.0,5.0,ford-gobike,37.798572108462565,-122.40086898207666,Broadway at Battery St,2020-10-08T21:02:34.834000Z,,1602180970.0,1.0,1.0,9,,,,0.009166909460780914,North Beach,San Francisco Co.
5415,185,2.0,21.0,ford-gobike,37.34113203547954,-121.89284384250641,2nd St at Julian St,2020-10-08T21:02:34.835000Z,,1602176075.0,1.0,1.0,357,,,,0.97463212201405,Hensley,Santa Clara Co.
5416,186,6.0,12.0,ford-gobike,37.769188178104585,-122.42228507995605,Valencia St at Clinton Park,2020-10-08T21:02:34.836000Z,,1602189694.0,1.0,1.0,356,,,,0.04998290185146459,Mission District,San Francisco Co.
5417,187,9.0,21.0,ford-gobike,37.75536713215853,-122.38879501819609,23rd St at Tennessee St,2020-10-08T21:02:34.837000Z,,1602185538.0,1.0,1.0,355,,,,0.0644458496453808,Potrero Hill,San Francisco Co.
5418,188,20.0,3.0,ford-gobike,37.72694296622841,-122.40659952163695,Goettingen St at Bacon St,2020-10-08T21:02:34.838000Z,,1602175937.0,1.0,1.0,352,,,,0.07654255540853683,Portola,San Francisco Co.
5419,189,3.0,16.0,ford-gobike,37.86906047545393,-122.29339957237242,10th St at University Ave,2020-10-08T21:02:34.839000Z,,1602184557.0,1.0,1.0,351,,,,0.17877490308151067,Northwest Berkeley,Alameda Co.
5420,190,5.0,26.0,ford-gobike,37.77143136292109,-122.40578681230544,8th St at Brannan St,2020-10-08T21:02:34.840000Z,,1602188103.0,1.0,1.0,350,,,,0.03138982477346275,South of Market,San Francisco Co.
5421,191,12.0,7.0,ford-gobike,37.72927865173028,-122.39289611577988,Williams Ave at 3rd St,2020-10-08T21:02:34.842000Z,,1602156811.0,1.0,1.0,358,,,,0.08643323248984558,San Francisco,San Francisco Co.
5422,192,17.0,2.0,ford-gobike,37.8178269,-122.2756976,San Pablo Ave at 27th St,2020-10-08T21:02:34.843000Z,,1602181137.0,1.0,1.0,216,,,,0.14524330000000418,Hoover-Foster,Alameda Co.
5423,193,10.0,9.0,ford-gobike,37.8233214,-122.27573249999999,Market St at Brockhurst St,2020-10-08T21:02:34.853000Z,,1602155606.0,1.0,1.0,214,,,,0.15070289999999886,Hoover-Foster,Alameda Co.
5424,194,22.0,1.0,ford-gobike,37.8225475,-122.2663179,34th St at Telegraph Ave,2020-10-08T21:02:34.854000Z,,1602183550.0,1.0,1.0,215,,,,0.1593435999999997,Pill Hill,Alameda Co.
5425,195,18.0,13.0,ford-gobike,37.82489252995112,-122.26043654610294,Mosswood Park,2020-10-08T21:02:34.855000Z,,1602175412.0,1.0,1.0,212,,,,0.1675699838481819,Mosswood,Alameda Co.
5426,196,20.0,3.0,ford-gobike,37.827757299999995,-122.25671559999999,Broadway at 40th St,2020-10-08T21:02:34.859000Z,,1602183349.0,1.0,1.0,211,,,,0.17415570000000002,Piedmont Avenue,Alameda Co.
5427,197,6.0,21.0,ford-gobike,37.3509643,-121.90201609999998,Mission St at 1st St,2020-10-08T21:02:34.869000Z,,1602190118.0,1.0,1.0,288,,,,0.9556275999999996,Jackson Taylor,Santa Clara Co.
5428,198,0.0,18.0,ford-gobike,37.33839520000001,-121.8807965,9th St at San Fernando St,2020-10-08T21:02:34.871000Z,,1602155609.0,1.0,1.0,281,,,,0.9894162999999948,North Campus,Santa Clara Co.
5429,199,8.0,15.0,ford-gobike,37.3371223728942,-121.88321471214294,San Fernando St at 7th St,2020-10-08T21:02:34.872000Z,,1602190639.0,1.0,1.0,280,,,,0.988270914962854,Downtown San Jose,Santa Clara Co.
5430,200,21.0,6.0,ford-gobike,37.78352083526095,-122.43115782737732,Webster St at O'Farrell St,2020-10-08T21:02:34.881000Z,,1602190204.0,1.0,1.0,285,,,,0.04452299211636301,Western Addition,San Francisco Co.
5431,201,14.0,5.0,ford-gobike,37.78487208436062,-122.40087568759917,Yerba Buena Center for the Arts (Howard St at 3rd St),2020-10-08T21:02:34.883000Z,,1602187650.0,1.0,1.0,284,,,,0.0228602280402086,South of Market,San Francisco Co.
5432,202,4.0,15.0,ford-gobike,37.32673,-121.8892731,Almaden Blvd at Balbach St,2020-10-08T21:02:34.884000Z,,1602174118.0,1.0,1.0,287,,,,0.9926049000000036,Downtown San Jose,Santa Clara Co.
5433,203,6.0,17.0,ford-gobike,37.862827100000004,-122.29023049999999,Channing Way at San Pablo Ave,2020-10-08T21:02:34.885000Z,,1602156510.0,1.0,1.0,263,,,,0.17571059999999505,SouthWest Berkeley,Alameda Co.
5434,204,5.0,10.0,ford-gobike,37.86996670760404,-122.28653311729431,West St at University Ave,2020-10-08T21:02:34.887000Z,,1602156811.0,1.0,1.0,262,,,,0.18654759030972912,Northwest Berkeley,Alameda Co.
5435,205,14.0,5.0,ford-gobike,37.8618037,-122.25356869999999,Derby St at College Ave,2020-10-08T21:02:34.888000Z,,1602188860.0,1.0,1.0,267,,,,0.2113490000000056,Elmwood,Alameda Co.
5436,206,12.0,11.0,ford-gobike,37.8624644,-122.26479109999998,Parker St at Fulton St,2020-10-08T21:02:34.889000Z,,1602184858.0,1.0,1.0,266,,,,0.20078730000000888,South Berkeley,Alameda Co.
5437,207,6.0,9.0,ford-gobike,37.8588682,-122.2912095,Ninth St at Parker St,2020-10-08T21:02:34.890000Z,,1602184814.0,1.0,1.0,265,,,,0.17077270000001474,SouthWest Berkeley,Alameda Co.
5438,208,16.0,3.0,ford-gobike,37.862319899999996,-122.258801,Telegraph Ave at Carleton St,2020-10-08T21:02:34.892000Z,,1602185558.0,1.0,1.0,269,,,,0.20663290000000245,South Berkeley,Alameda Co.
5439,209,12.0,3.0,ford-gobike,37.857490214571534,-122.26157784461977,Ellsworth St at Russell St,2020-10-08T21:02:34.901000Z,,1602188634.0,1.0,1.0,268,,,,0.19902636995176687,South Berkeley,Alameda Co.
5440,210,20.0,10.0,ford-gobike,37.776619000000004,-122.41738500000001,Market St at 10th St,2020-10-08T21:02:34.904000Z,,1602190840.0,1.0,1.0,58,,,,0.03765199999999425,Civic Center Tenderloin,San Francisco Co.
5441,211,24.0,3.0,ford-gobike,37.7770527,-122.4295585,Webster St at Grove St,2020-10-08T21:02:34.905000Z,,1602190551.0,1.0,1.0,55,,,,0.0493917999999951,Western Addition,San Francisco Co.
5442,212,14.0,9.0,ford-gobike,37.777546770173224,-122.43327409029007,Alamo Square (Steiner St at Fulton St),2020-10-08T21:02:34.906000Z,,1602190465.0,1.0,1.0,54,,,,0.052613320116819295,Western Addition,San Francisco Co.
5443,213,19.0,6.0,ford-gobike,37.77341396997343,-122.427316904068,Koshland Park,2020-10-08T21:02:34.907000Z,,1602186557.0,1.0,1.0,56,,,,0.050788934094569534,Hayes Valley,San Francisco Co.
5444,214,14.0,13.0,ford-gobike,37.77610091264586,-122.4530929327011,Parker Ave at McAllister St,2020-10-08T21:02:34.908000Z,,1602189959.0,1.0,1.0,51,,,,0.0738780200552327,Richmond District,San Francisco Co.
5445,215,33.0,6.0,ford-gobike,37.780526,-122.39028799999998,2nd St at Townsend St,2020-10-08T21:02:34.912000Z,,1602188674.0,1.0,1.0,50,,,,0.037793999999998114,South Beach,San Francisco Co.
5446,216,20.0,6.0,ford-gobike,37.775946000000005,-122.4377775,Grove St at Divisadero,2020-10-08T21:02:34.913000Z,,1602189241.0,1.0,1.0,53,,,,0.0587174999999931,Western Addition,San Francisco Co.
5447,217,18.0,9.0,ford-gobike,37.7774157,-122.4418376,McAllister St at Baker St,2020-10-08T21:02:34.914000Z,,1602190304.0,1.0,1.0,52,,,,0.06130789999999564,Richmond District,San Francisco Co.
5448,218,15.0,4.0,ford-gobike,37.7644783,-122.40257009999999,Rhode Island St at 17th St,2020-10-08T21:02:34.937000Z,,1602188710.0,1.0,1.0,114,,,,0.041559599999992265,Potrero Hill,San Francisco Co.
5449,219,11.0,10.0,ford-gobike,37.7637085,-122.41520420000002,17th & Folsom Street Park (17th St at Folsom St),2020-10-08T21:02:34.939000Z,,1602188099.0,1.0,1.0,110,,,,0.048381700000000194,Mission District,San Francisco Co.
5450,220,3.0,12.0,ford-gobike,37.7610471,-122.43264170000002,18th St at Noe St,2020-10-08T21:02:34.953000Z,,1602188375.0,1.0,1.0,119,,,,0.06848060000000089,Castro,San Francisco Co.
5451,221,1.0,18.0,ford-gobike,37.3600013909666,-121.87877833843231,23rd St at Taylor St,2020-10-08T21:02:34.956000Z,,1602180774.0,1.0,1.0,421,,,,0.9698282706010845,East Northside,Santa Clara Co.
5452,222,5.0,25.0,ford-gobike,37.32031582108647,-121.87009871006012,South San Jose State (7th St at Humboldt St),2020-10-08T21:02:34.957000Z,,1602157113.0,1.0,1.0,423,,,,1.018193468853411,Spartan Keyes,Santa Clara Co.
5453,223,0.0,23.0,ford-gobike,37.33677476275722,-121.90914899110793,Stockton Ave at Lenzen Ave,2020-10-08T21:02:34.958000Z,,1602157113.0,1.0,1.0,422,,,,0.9626842461348488,Garden Alameda,Santa Clara Co.
5454,224,6.0,13.0,ford-gobike,37.311283946117356,-121.89632534980774,Bird Ave at Willow St,2020-10-08T21:02:34.960000Z,,1602184528.0,1.0,1.0,425,,,,1.000998704074895,Broadway Palmhaven,Santa Clara Co.
5455,225,9.0,10.0,ford-gobike,37.799207926286,-122.43412166833876,Greenwich St at Webster St,2020-10-08T21:02:34.961000Z,,1602183999.0,1.0,1.0,424,,,,0.03179974205275471,Cow Hollow,San Francisco Co.
5456,226,7.0,20.0,ford-gobike,37.32096853145443,-121.9082960486412,Auzerais Ave at Lincoln Ave,2020-10-08T21:02:34.962000Z,,1602187214.0,1.0,1.0,427,,,,0.9793434199043743,Downtown,Santa Clara Co.
5457,227,9.0,10.0,ford-gobike,37.3233446905968,-121.91349685192108,San Carlos St at Meridian Ave,2020-10-08T21:02:34.964000Z,,1602171811.0,1.0,1.0,426,,,,0.9717664574821328,Downtown,Santa Clara Co.
5458,228,5.0,10.0,ford-gobike,37.336802,-121.89409009999999,San Pedro Square,2020-10-08T21:02:34.973000Z,,1602188916.0,1.0,1.0,308,,,,0.9777158999999996,Downtown San Jose,Santa Clara Co.
5459,229,14.0,9.0,ford-gobike,37.337391,-121.886995,San Jose City Hall,2020-10-08T21:02:34.974000Z,,1602181370.0,1.0,1.0,309,,,,0.9842220000000026,Downtown San Jose,Santa Clara Co.
5460,230,7.0,12.0,ford-gobike,37.3172979,-121.88499499999999,Palm St at Willow St,2020-10-08T21:02:34.975000Z,,1602186060.0,1.0,1.0,300,,,,1.0063150999999948,Washington Guadalupe,Santa Clara Co.
5461,231,9.0,6.0,ford-gobike,37.318449799999996,-121.88317240000002,Willow St at Vine St,2020-10-08T21:02:34.976000Z,,1602156209.0,1.0,1.0,301,,,,1.0069857999999885,Washington Guadalupe,Santa Clara Co.
5462,232,5.0,17.0,ford-gobike,37.352601,-121.90573300000001,San Pedro St at Hedding St,2020-10-08T21:02:34.977000Z,,1602185551.0,1.0,1.0,303,,,,0.9502740000000004,Downtown,Santa Clara Co.
5463,233,5.0,21.0,ford-gobike,37.348758686744794,-121.89479783177376,Jackson St at 5th St,2020-10-08T21:02:34.979000Z,,1602174852.0,1.0,1.0,304,,,,0.9650514814814386,Jackson Taylor,Santa Clara Co.
5464,234,1.0,22.0,ford-gobike,37.342725,-121.89561699999999,Ryland Park,2020-10-08T21:02:34.980000Z,,1602190484.0,1.0,1.0,305,,,,0.9702659999999952,Hensley,Santa Clara Co.
5465,235,1.0,14.0,ford-gobike,37.339301,-121.88993700000002,Saint James Park,2020-10-08T21:02:34.982000Z,,1602156208.0,1.0,1.0,306,,,,0.979369999999996,Downtown San Jose,Santa Clara Co.
5466,236,4.0,19.0,ford-gobike,37.332692,-121.900084,SAP Center,2020-10-08T21:02:34.983000Z,,1602179656.0,1.0,1.0,307,,,,0.9758319999999898,Downtown,Santa Clara Co.
5467,237,18.0,1.0,ford-gobike,37.77993,-122.2177284,Foothill Blvd at Harrington Ave,2020-10-08T21:02:34.993000Z,,1602156209.0,1.0,1.0,228,,,,0.2109495999999993,Harrington,Alameda Co.
5468,238,14.0,1.0,ford-gobike,37.78375689999999,-122.2226033,Foothill Blvd at Fruitvale Ave,2020-10-08T21:02:34.994000Z,,1602155606.0,1.0,1.0,227,,,,0.20224779999999495,Patten,Alameda Co.
5469,239,14.0,1.0,ford-gobike,37.785191499999996,-122.2343822,23rd Ave at Foothill Blvd,2020-10-08T21:02:34.997000Z,,1602171252.0,1.0,1.0,225,,,,0.18903429999999588,Rancho San Antonio,Alameda Co.
5470,240,9.0,10.0,ford-gobike,37.8113514,-122.2734217,San Pablo Ave at MLK Jr Way,2020-10-08T21:02:35.007000Z,,1602155303.0,1.0,1.0,220,,,,0.14104370000000446,San Pablo Gateway,Alameda Co.
5471,241,4.0,15.0,ford-gobike,37.3550295822529,-121.90443634986877,1st St at Younger Ave,2020-10-08T21:02:35.009000Z,,1602182617.0,1.0,1.0,391,,,,0.9491420678783342,Hyde Park,Santa Clara Co.
5472,242,11.0,4.0,ford-gobike,37.750434357062296,-122.39044725894928,Indiana St at Cesar Chavez St,2020-10-08T21:02:35.017000Z,,1602189756.0,1.0,1.0,390,,,,0.067726383988429,San Francisco,San Francisco Co.
5473,243,12.0,3.0,ford-gobike,37.8312769,-122.2782669,Adeline St at 40th St,2020-10-08T21:02:35.022000Z,,1602169272.0,1.0,1.0,150,,,,0.15612399999999838,Longfellow,Alameda Co.
5474,244,5.0,14.0,ford-gobike,37.84094520000001,-122.2913604,59th St at Horton St,2020-10-08T21:02:35.025000Z,,1602174274.0,1.0,1.0,153,,,,0.15269880000000313,Emeryville,Alameda Co.
5475,245,7.0,12.0,ford-gobike,37.83563220458518,-122.28105068206787,47th St at San Pablo Ave,2020-10-08T21:02:35.028000Z,,1602188859.0,1.0,1.0,152,,,,0.1576955225173151,Gaskill,Alameda Co.
5476,246,4.0,15.0,ford-gobike,37.840521166949685,-122.29352831840515,Emeryville Public Market,2020-10-08T21:02:35.030000Z,,1602189707.0,1.0,1.0,155,,,,0.1501068485445458,Emeryville,Alameda Co.
5477,247,15.0,0.0,ford-gobike,37.841923799999996,-122.28804509999999,Doyle St at 59th St,2020-10-08T21:02:35.031000Z,,1602187636.0,1.0,1.0,154,,,,0.15699270000000354,Golden Gate,Alameda Co.
5478,248,17.0,2.0,ford-gobike,37.8467842,-122.2913761,65th St at Hollis St,2020-10-08T21:02:35.034000Z,,1602182231.0,1.0,1.0,157,,,,0.1585221000000132,Emeryville,Alameda Co.
5479,249,14.0,1.0,ford-gobike,37.8384435,-122.28866470000001,Stanford Ave at Hollis St,2020-10-08T21:02:35.035000Z,,1602181501.0,1.0,1.0,156,,,,0.1528928000000036,Emeryville,Alameda Co.
5480,250,21.0,14.0,ford-gobike,37.77523486860596,-122.39743709564208,Townsend St at 5th St,2020-10-08T21:02:35.042000Z,,1602156811.0,1.0,1.0,80,,,,0.035936035751937816,South of Market,San Francisco Co.
5481,251,29.0,6.0,ford-gobike,37.77588,-122.39317,Berry St at 4th St,2020-10-08T21:02:35.049000Z,,1602190516.0,1.0,1.0,81,,,,0.03955799999999954,Mission Bay,San Francisco Co.
5482,252,23.0,7.0,ford-gobike,37.7807601,-122.39498940000001,S Park St at 3rd St,2020-10-08T21:02:35.064000Z,,1602190358.0,1.0,1.0,49,,,,0.032858499999996134,South of Market,San Francisco Co.
5483,253,4.0,27.0,ford-gobike,37.7810737,-122.4117382,Civic Center/UN Plaza BART Station (Market St at McAllister St),2020-10-08T21:02:35.078000Z,,1602190556.0,1.0,1.0,44,,,,0.027550499999996703,South of Market,San Francisco Co.
5484,254,13.0,18.0,ford-gobike,37.7787677,-122.41592920000001,San Francisco Public Library (Grove St at Hyde St),2020-10-08T21:02:35.085000Z,,1602188888.0,1.0,1.0,43,,,,0.034047499999985575,Civic Center Tenderloin,San Francisco Co.
5485,255,13.0,5.0,ford-gobike,37.7719511,-122.4537048,Fell St at Stanyan St,2020-10-08T21:02:34.265000Z,,1602189405.0,1.0,1.0,377,,,,0.07863969999998942,Western Addition,San Francisco Co.
5486,256,1.0,14.0,ford-gobike,37.782279529754994,-122.40731298923492,Mint St at Mission St,2020-10-08T21:02:34.064000Z,,1602189399.0,1.0,1.0,446,,,,0.021919459479931902,South of Market,San Francisco Co.
5487,257,5.0,26.0,ford-gobike,37.3477119817597,-121.89055323600769,7th St at Empire St,2020-10-08T21:02:34.248000Z,,1602156509.0,1.0,1.0,378,,,,0.9703427822326064,West Northside,Santa Clara Co.
5488,258,4.0,38.0,ford-gobike,37.76909488728109,-122.38633275032042,Terry Francois Blvd at Warriors Way,2020-10-08T21:02:34.803000Z,,1602184262.0,1.0,1.0,460,,,,0.05318036239848567,Mission Bay,San Francisco Co.
5489,259,20.0,7.0,ford-gobike,37.771329594195095,-122.38662242889404,Terry Francois Blvd at Mission Bay Blvd N,2020-10-08T21:02:34.796000Z,,1602189475.0,1.0,1.0,461,,,,0.05065597691087476,Mission Bay,San Francisco Co.
5490,260,12.0,6.0,ford-gobike,37.77793367006746,-122.3969730734825,Brannan St at 4th St,2020-10-08T21:02:34.361000Z,,1602183962.0,1.0,1.0,453,,,,0.033701256450036965,South of Market,San Francisco Co.
5491,261,10.0,13.0,ford-gobike,37.796389399999995,-122.3945855,Pier 1/2 at The Embarcadero,2020-10-08T21:02:34.438000Z,,1602189603.0,1.0,1.0,12,,,,0.01763309999999052,Financial District,San Francisco Co.
5492,262,20.0,3.0,ford-gobike,37.833293522232104,-122.25622415542604,45th St at Manila,2020-10-08T21:02:34.858000Z,,1602185207.0,1.0,1.0,210,,,,0.1801833668060766,Temescal,Alameda Co.
5493,263,19.0,4.0,ford-gobike,37.82669558640968,-122.27179706096649,37th St at West St,2020-10-08T21:02:34.019000Z,,1602183432.0,1.0,1.0,192,,,,0.15801252544320474,Longfellow,Alameda Co.
5494,264,15.0,4.0,ford-gobike,37.817015399999995,-122.2717615,27th St at MLK Jr Way,2020-10-08T21:02:34.852000Z,,1602175490.0,1.0,1.0,217,,,,0.14836790000001088,Hoover-Foster,Alameda Co.
5495,265,15.0,4.0,ford-gobike,37.729393206617274,-122.38653659820557,Jennings St at Revere Ave,2020-10-08T21:02:34.119000Z,,1602189259.0,1.0,1.0,435,,,,0.09267819517717868,San Francisco,San Francisco Co.
5496,266,26.0,1.0,ford-gobike,37.74032177639133,-122.3767840862274,Heron's Head Park,2020-10-08T21:02:34.813000Z,,1602157114.0,1.0,1.0,463,,,,0.09150213738126922,Central Waterfront,San Francisco Co.
5497,267,18.0,8.0,ford-gobike,37.782926087044075,-122.38792061805724,The Embarcadero at Pier 38,2020-10-08T21:02:34.095000Z,,1602190338.0,1.0,1.0,38,,,,0.0377612948986652,South Beach,San Francisco Co.
5498,268,18.0,5.0,ford-gobike,37.72537519413515,-122.39401996135712,Carroll Ave at 3rd St,2020-10-08T21:02:34.118000Z,,1602178594.0,1.0,1.0,434,,,,0.0892128445077276,San Francisco,San Francisco Co.
5499,269,13.0,5.0,ford-gobike,37.78146761537824,-122.45880603790285,Arguello Blvd at Geary Blvd,2020-10-08T21:02:34.367000Z,,1602185763.0,1.0,1.0,456,,,,0.07422442252458694,Richmond District,San Francisco Co.
5500,270,6.0,17.0,ford-gobike,37.3426625921454,-121.87729239463806,N 14th St at E Santa Clara St,2020-10-08T21:02:35.111000Z,,1602188492.0,1.0,1.0,470,,,,0.9886530132165348,Julian Saint James,Santa Clara Co.
5501,271,12.0,10.0,ford-gobike,37.73629587217104,-122.38996982574459,McKinnon Ave at 3rd St,2020-10-08T21:02:34.116000Z,,1602189413.0,1.0,1.0,436,,,,0.08234230208434212,San Francisco,San Francisco Co.
5502,272,2.0,19.0,ford-gobike,37.77948760924335,-122.4631418287754,5th Ave at Anza St,2020-10-08T21:02:34.794000Z,,1602188997.0,1.0,1.0,466,,,,0.08054021953204682,Richmond District,San Francisco Co.
5503,273,18.0,1.0,ford-gobike,37.73309280990925,-122.39097297191618,Quesada Ave at 3rd St,2020-10-08T21:02:34.121000Z,,1602182981.0,1.0,1.0,432,,,,0.08454221817456188,San Francisco,San Francisco Co.
5504,274,18.0,9.0,ford-gobike,37.7737172,-122.41164669999999,Folsom St at 9th St,2020-10-08T21:02:34.531000Z,,1602189154.0,1.0,1.0,78,,,,0.034815500000000554,South of Market,San Francisco Co.
5505,275,2.0,22.0,ford-gobike,37.77787007022392,-122.42295295000076,Grove St at Gough St,2020-10-08T21:02:34.789000Z,,1602188284.0,1.0,1.0,468,,,,0.041968879776824515,Hayes Valley,San Francisco Co.
5506,276,21.0,0.0,ford-gobike,37.777609310293336,-122.4546217918396,Turk Blvd at Stanyan St,2020-10-08T21:02:35.112000Z,,1602157415.0,1.0,1.0,471,,,,0.07389848154624445,Richmond District,San Francisco Co.
5507,277,19.0,16.0,ford-gobike,37.78238578812408,-122.39134311676027,Brannan St at Colin P Kelly Jr St,2020-10-08T21:02:34.792000Z,,1602186877.0,1.0,1.0,467,,,,0.034879095115648795,South Beach,San Francisco Co.
5508,278,14.0,9.0,ford-gobike,37.3655356585599,-121.86796635389328,Newbury Park Dr at King Rd,2020-10-08T21:02:34.058000Z,,1602157415.0,1.0,1.0,442,,,,0.9751059875468328,North Valley,Santa Clara Co.
5509,279,7.0,16.0,ford-gobike,37.32412595115088,-121.89971968531609,Columbia Ave at Bird Ave,2020-10-08T21:02:35.106000Z,,1602187695.0,1.0,1.0,472,,,,0.9847623635330364,Auzerais Josefa,Santa Clara Co.
5510,280,4.0,19.0,ford-gobike,37.30901407427592,-121.9000107049942,Willow St at Blewett Ave,2020-10-08T21:02:35.107000Z,,1602190585.0,1.0,1.0,473,,,,0.9995832207298818,Broadway Palmhaven,Santa Clara Co.
5511,281,16.0,15.0,ford-gobike,37.809368612134854,-122.26795077323914,19th Street BART Station,2020-10-08T21:02:34.400000Z,,1602182578.0,1.0,1.0,182,,,,0.1445318388957233,Downtown Oakland,Alameda Co.
5512,282,13.0,18.0,ford-gobike,37.78064509250312,-122.40286588668823,Folsom St at 5th St,2020-10-08T21:02:34.477000Z,,1602186965.0,1.0,1.0,321,,,,0.02509702080863008,South of Market,San Francisco Co.
5513,283,4.0,19.0,ford-gobike,37.33802231313689,-121.91947817802428,Asbury St at The Alameda,2020-10-08T21:02:34.267000Z,,1602177443.0,1.0,1.0,393,,,,0.9511075088388168,College Park,Santa Clara Co.
5514,284,5.0,10.0,ford-gobike,37.34037874065053,-121.86402082443236,22nd St at William St,2020-10-08T21:02:35.118000Z,,1602180395.0,1.0,1.0,475,,,,1.0042084349171034,Brookwood Terrace,Santa Clara Co.
5515,285,6.0,9.0,ford-gobike,37.338468014146,-121.86652064323424,19th St at William St,2020-10-08T21:02:35.113000Z,,1602177168.0,1.0,1.0,476,,,,1.003619342619757,Brookwood South,Santa Clara Co.
5516,286,27.0,0.0,ford-gobike,37.796248,-122.279352,Jack London Square,2020-10-08T21:02:34.425000Z,,1602182804.0,1.0,1.0,187,,,,0.13300799999999668,Old City-Produce & Waterfront,Alameda Co.
5517,287,2.0,17.0,ford-gobike,37.333677122859896,-121.90861791372299,W Julian St at N Morrison St,2020-10-08T21:02:34.036000Z,,1602173701.0,1.0,1.0,277,,,,0.966312963417124,Garden Alameda,Santa Clara Co.
5518,288,10.0,8.0,ford-gobike,37.788568914161615,-122.43540108203888,Steiner St at California St,2020-10-08T21:02:35.104000Z,,1602190186.0,1.0,1.0,480,,,,0.043718167877244696,Western Addition,San Francisco Co.
5519,289,14.0,13.0,ford-gobike,37.77122901793374,-122.40088641643524,7th St at King St,2020-10-08T21:02:35.099000Z,,1602174963.0,1.0,1.0,483,,,,0.036492565631029095,South of Market,San Francisco Co.
5520,290,20.0,3.0,ford-gobike,37.78071988575564,-122.47610360383987,17th Ave at Geary Blvd,2020-10-08T21:02:35.116000Z,,1602168254.0,1.0,1.0,477,,,,0.09226971808424622,Richmond District,San Francisco Co.
5521,291,9.0,18.0,ford-gobike,37.781130551698666,-122.44737446308136,O'Farrell St at Masonic Ave,2020-10-08T21:02:35.101000Z,,1602190709.0,1.0,1.0,481,,,,0.06312991138267421,Richmond District,San Francisco Co.
5522,292,18.0,9.0,ford-gobike,37.78249787596381,-122.47196763753892,Funston Ave at Clement St,2020-10-08T21:02:35.089000Z,,1602180269.0,1.0,1.0,489,,,,0.08635576157509918,Richmond District,San Francisco Co.
5523,293,13.0,6.0,ford-gobike,37.77848698639749,-122.45864510536192,Arguello Blvd at Edward St,2020-10-08T21:02:35.097000Z,,1602182861.0,1.0,1.0,486,,,,0.07704411896442309,Richmond District,San Francisco Co.
5524,294,11.0,19.0,ford-gobike,37.800496036682574,-122.41088703274723,Powell St at Columbus Ave,2020-10-08T21:02:35.092000Z,,1602190550.0,1.0,1.0,487,,,,0.007276996064675245,Chinatown,San Francisco Co.
5525,295,11.0,15.0,ford-gobike,37.78184071552049,-122.46763586997984,9th Ave at Geary Blvd,2020-10-08T21:02:34.206000Z,,1602189818.0,1.0,1.0,490,,,,0.08268115445934399,Richmond District,San Francisco Co.
5526,296,25.0,2.0,ford-gobike,37.7226299219322,-122.39249646663664,Egbert Ave at Jennings St,2020-10-08T21:02:35.091000Z,,1602157715.0,1.0,1.0,488,,,,0.09348161143115163,San Francisco,San Francisco Co.
5527,297,12.0,15.0,ford-gobike,37.77326317603698,-122.47123003005986,Funston Ave at Fulton St,2020-10-08T21:02:35.098000Z,,1602188943.0,1.0,1.0,485,,,,0.0948528540228466,Richmond District,San Francisco Co.
5528,298,0.0,23.0,ford-gobike,37.33867060463943,-121.89564406871794,Devine St at San Pedro St,2020-10-08T21:02:34.207000Z,,1602157415.0,1.0,1.0,491,,,,0.9742933266426306,Downtown San Jose,Santa Clara Co.
5529,299,16.0,3.0,ford-gobike,37.8584732,-122.2532529,Russell St at College Ave,2020-10-08T21:02:34.305000Z,,1602187175.0,1.0,1.0,249,,,,0.20833429999999709,Elmwood,Alameda Co.
5530,300,5.0,14.0,ford-gobike,37.371116413359005,-121.88133180141449,Mercado Way at Sierra Rd,2020-10-08T21:02:34.074000Z,,1602170029.0,1.0,1.0,444,,,,0.9561597852264968,Notting Hill Royal Crest,Santa Clara Co.
5531,301,5.0,14.0,ford-gobike,37.79080303242391,-122.43259012699127,Webster St at Clay St,2020-10-08T21:02:34.208000Z,,1602188504.0,1.0,1.0,492,,,,0.03867309456734347,Pacific Heights,San Francisco Co.
5532,302,8.0,11.0,ford-gobike,37.77666378283064,-122.40790843963623,Folsom St at 7th St,2020-10-08T21:02:34.209000Z,,1602187173.0,1.0,1.0,493,,,,0.0281306568055868,South of Market,San Francisco Co.
5533,303,17.0,6.0,ford-gobike,37.8361823,-122.2871801,53rd St at Hollis St,2020-10-08T21:02:35.020000Z,,1602175069.0,1.0,1.0,151,,,,0.1521162000000018,Emeryville,Alameda Co.
5534,304,0.0,19.0,ford-gobike,37.347592574438885,-121.89966201782228,George St at 1st St,2020-10-08T21:02:33.995000Z,,1602156209.0,1.0,1.0,290,,,,0.961353407738855,Ryland,Santa Clara Co.
5535,305,11.0,12.0,ford-gobike,37.35090179274617,-121.89584255218504,5th St at Taylor St,2020-10-08T21:02:34.863000Z,,1602156209.0,1.0,1.0,289,,,,0.9618636550687824,Jackson Taylor,Santa Clara Co.
5536,306,7.0,11.0,ford-gobike,37.765782986796324,-122.45763659477234,Frederick St at Arguello Blvd,2020-10-08T21:02:34.344000Z,,1602190052.0,1.0,1.0,458,,,,0.08873960797600232,Inner Sunset,San Francisco Co.
5537,307,8.0,11.0,ford-gobike,37.326282324105776,-121.90491110086441,Park Ave at Laurel Grove Ln,2020-10-08T21:02:34.197000Z,,1602157415.0,0.0,0.0,494,,,,0.9774145750298259,Downtown,Santa Clara Co.
5538,308,7.0,12.0,ford-gobike,37.343208488473465,-121.88438951969148,St James St at 9th St,2020-10-08T21:02:34.198000Z,,1602187454.0,1.0,1.0,495,,,,0.981009991835066,Horrace Mann,Santa Clara Co.
5539,309,19.0,4.0,ford-gobike,37.7258897887525,-122.45244383811949,Frida Kahlo Way at Cloud Cir,2020-10-08T21:02:34.613000Z,,1602157415.0,1.0,1.0,498,,,,0.12344004936699092,Sunnyside,San Francisco Co.
5540,310,15.0,12.0,ford-gobike,37.763433610232454,-122.46406316757202,7th Ave at Irving St,2020-10-08T21:02:34.368000Z,,1602188447.0,1.0,1.0,457,,,,0.09751555733956964,Inner Sunset,San Francisco Co.
5541,311,21.0,9.0,ford-gobike,37.802197852449105,-122.40177154541014,Battery St at Filbert St,2020-10-08T21:02:34.772000Z,,1602190922.0,1.0,1.0,500,,,,0.004638602140744297,North Beach,San Francisco Co.
5542,312,24.0,3.0,ford-gobike,37.7639340252141,-122.47065067291258,Funston Ave at Irving St,2020-10-08T21:02:34.354000Z,,1602186484.0,1.0,1.0,450,,,,0.10360264769848726,Inner Sunset,San Francisco Co.
5543,313,6.0,28.0,ford-gobike,37.75770404149008,-122.39188492298126,22nd St Caltrain Station,2020-10-08T21:02:34.190000Z,,1602189841.0,1.0,1.0,130,,,,0.059019035528656616,Potrero Hill,San Francisco Co.
5544,314,19.0,4.0,ford-gobike,37.800459411713945,-122.24745869636536,21st St at 5th Ave,2020-10-08T21:02:34.998000Z,,1602177722.0,1.0,1.0,224,,,,0.16068989192069694,Ivy Hill,Alameda Co.
5545,315,14.0,8.0,ford-gobike,37.78243851977672,-122.4653774499893,7th Ave at Clement St,2020-10-08T21:02:34.766000Z,,1602189239.0,1.0,1.0,506,,,,0.07982493021258108,Richmond District,San Francisco Co.
5546,316,25.0,4.0,ford-gobike,37.78068,-122.45001200000002,Anza St at Collins St,2020-10-08T21:02:34.324000Z,,1602188207.0,1.0,1.0,511,,,,0.06621799999999922,Richmond District,San Francisco Co.
5547,317,1.0,17.0,ford-gobike,37.742232,-122.386843,Evans Ave at Newhall St,2020-10-08T21:02:34.765000Z,,1602179706.0,1.0,1.0,509,,,,0.07953299999999787,San Francisco,San Francisco Co.
5548,318,6.0,17.0,ford-gobike,37.804648,-122.40208700000001,Cruise Terminal at Pier 27,2020-10-08T21:02:34.814000Z,,1602189883.0,1.0,1.0,462,,,,0.005675000000010755,North Beach,San Francisco Co.
5549,319,18.0,1.0,ford-gobike,37.83355770000001,-122.2674183,45th St at MLK Jr Way,2020-10-08T21:02:34.504000Z,,1602155303.0,1.0,1.0,209,,,,0.16925340000000233,Longfellow,Alameda Co.
5550,320,11.0,11.0,ford-gobike,37.785111,-122.477667,18th Ave at California St,2020-10-08T21:02:34.334000Z,,1602190759.0,1.0,1.0,515,,,,0.08944199999999114,Richmond District,San Francisco Co.
5551,321,11.0,12.0,ford-gobike,37.781721999999995,-122.49284399999999,Clement St at 32nd Ave,2020-10-08T21:02:34.342000Z,,1602182294.0,1.0,1.0,516,,,,0.1080079999999981,Richmond District,San Francisco Co.
5552,322,5.0,22.0,ford-gobike,37.7685457411846,-122.40440279245377,Alameda St at Henry Adams St,2020-10-08T21:02:34.327000Z,,1602190691.0,1.0,1.0,513,,,,0.035659466361636305,Potrero Hill,San Francisco Co.
5553,323,13.0,10.0,ford-gobike,37.797627908896885,-122.423534989357,Green St at Van Ness Ave,2020-10-08T21:02:34.637000Z,,1602190392.0,1.0,1.0,496,,,,0.02279308046011153,Russian Hill,San Francisco Co.
5554,324,18.0,6.0,ford-gobike,37.78657849953654,-122.45342284440996,Spruce St at California St,2020-10-08T21:02:34.341000Z,,1602175068.0,1.0,1.0,517,,,,0.063730344873413,Presidio Heights,San Francisco Co.
5555,325,5.0,10.0,ford-gobike,37.853906961643794,-122.2896981239319,Ninth St at Heinz Ave,2020-10-08T21:02:34.020000Z,,1602187707.0,1.0,1.0,270,,,,0.16732283771190734,SouthWest Berkeley,Alameda Co.
5556,326,7.0,8.0,ford-gobike,37.756808,-122.405943,22nd St at Potrero Ave,2020-10-08T21:02:34.309000Z,,1602189353.0,1.0,1.0,518,,,,0.04602099999998899,Mission District,San Francisco Co.
5557,327,3.0,19.0,ford-gobike,37.772954,-122.50907099999999,48th Ave at Cabrillo St,2020-10-08T21:02:34.047000Z,,1602184959.0,1.0,1.0,521,,,,0.1330030000000022,Richmond District,San Francisco Co.
5558,328,12.0,6.0,ford-gobike,37.780674771322744,-122.40081131458284,Clara St at 4th St,2020-10-08T21:02:35.077000Z,,1602187858.0,1.0,1.0,47,,,,0.02712191409442255,South of Market,San Francisco Co.
5559,329,13.0,6.0,ford-gobike,37.7632417,-122.4306746,Sanchez St at 17th St,2020-10-08T21:02:34.081000Z,,1602187091.0,1.0,1.0,106,,,,0.0643188999999964,Upper Market,San Francisco Co.
5560,330,9.0,10.0,ford-gobike,37.77865,-122.41823000000001,San Francisco City Hall (Polk St at Grove St),2020-10-08T21:02:35.079000Z,,1602187673.0,1.0,1.0,42,,,,0.03646599999999012,Civic Center Tenderloin,San Francisco Co.
5561,331,11.0,8.0,ford-gobike,37.3302641,-121.8977018,Delmas Ave and San Fernando St,2020-10-08T21:02:34.873000Z,,1602180632.0,1.0,1.0,283,,,,0.9806421000000044,Lakehouse,Santa Clara Co.
5562,332,18.0,1.0,ford-gobike,37.8388,-122.25873200000001,Miles Ave at Cavour St,2020-10-08T21:02:34.499000Z,,1602166887.0,1.0,1.0,205,,,,0.18318200000000928,Shafter,Alameda Co.
5563,333,17.0,1.0,ford-gobike,37.780111,-122.48038899999999,21st Ave at Geary Blvd,2020-10-08T21:02:34.044000Z,,1602157717.0,1.0,1.0,525,,,,0.09716399999999936,Richmond District,San Francisco Co.
5564,334,4.0,19.0,ford-gobike,37.86012459911685,-122.2693844139576,Milvia St at Derby St,2020-10-08T21:02:34.304000Z,,1602185919.0,1.0,1.0,242,,,,0.19385418515926034,South Berkeley,Alameda Co.
5565,335,4.0,11.0,ford-gobike,37.7423139,-122.42318049999999,30th St at San Jose Ave,2020-10-08T21:02:34.163000Z,,1602168463.0,1.0,1.0,146,,,,0.07775259999999662,Bernal Heights,San Francisco Co.
5566,336,6.0,13.0,ford-gobike,37.8045623549303,-122.27173805236816,Frank H Ogawa Plaza,2020-10-08T21:02:34.294000Z,,1602155002.0,1.0,1.0,7,,,,0.13593830256213835,Downtown Oakland,Alameda Co.
5567,337,13.0,6.0,ford-gobike,37.8332786,-122.26349009999998,Shattuck Ave at Telegraph Ave,2020-10-08T21:02:35.041000Z,,1602190750.0,1.0,1.0,158,,,,0.1729025000000064,Temescal,Alameda Co.
5568,338,3.0,16.0,ford-gobike,37.79801364395978,-122.40595042705534,Broadway at Kearny St,2020-10-08T21:02:34.460000Z,,1602190405.0,1.0,1.0,323,,,,0.0048227830955625,North Beach,San Francisco Co.
5569,339,21.0,10.0,ford-gobike,37.785394000000004,-122.431821,Post St at Webster St,2020-10-08T21:02:34.325000Z,,1602190289.0,1.0,1.0,510,,,,0.043312999999997714,Western Addition,San Francisco Co.
5570,340,25.0,2.0,ford-gobike,37.72828159245281,-122.4506950378418,Judson Ave at Gennessee St,2020-10-08T21:02:34.124000Z,,1602157113.0,1.0,1.0,431,,,,0.1192994453889682,Sunnyside,San Francisco Co.
5571,341,20.0,3.0,ford-gobike,37.797672799999994,-122.2629973,10th St at Fallon St,2020-10-08T21:02:34.482000Z,,1602174528.0,1.0,1.0,201,,,,0.1479379000000023,Peralta-Laney,Alameda Co.
5572,342,9.0,6.0,ford-gobike,37.810743200000005,-122.2914153,14th St at Mandela Pkwy,2020-10-08T21:02:34.157000Z,,1602155605.0,1.0,1.0,230,,,,0.12244190000000545,Oak Center,Alameda Co.
5573,343,17.0,21.0,ford-gobike,37.795392,-122.394203,San Francisco Ferry Building (Harry Bridges Plaza),2020-10-08T21:02:34.445000Z,,1602189751.0,1.0,1.0,15,,,,0.01901299999999395,Financial District,San Francisco Co.
5574,344,13.0,6.0,ford-gobike,37.795913,-122.25554699999999,4th Ave at E 12th St (Temporary Location),2020-10-08T21:02:34.162000Z,,1602179027.0,1.0,1.0,233,,,,0.1571479999999923,Merritt,Alameda Co.
5575,345,12.0,6.0,ford-gobike,37.816073115011406,-122.26788640022278,Telegraph Ave at 27th St,2020-10-08T21:02:34.369000Z,,1602179325.0,1.0,1.0,179,,,,0.15130071478863272,Northgate,Alameda Co.
5576,346,13.0,14.0,ford-gobike,37.795194764385954,-122.27396965026855,Webster St at 2nd St,2020-10-08T21:02:34.494000Z,,1602158017.0,1.0,1.0,203,,,,0.1394435853454894,Old City-Produce & Waterfront,Alameda Co.
5577,347,5.0,10.0,ford-gobike,37.8123315,-122.28517120000001,DeFremery Park,2020-10-08T21:02:34.860000Z,,1602189823.0,1.0,1.0,218,,,,0.1302743000000106,Oak Center,Alameda Co.
5578,348,18.0,1.0,ford-gobike,37.77415256430236,-122.21239820122715,Bond St at High St,2020-10-08T21:02:34.992000Z,,1602158017.0,1.0,1.0,229,,,,0.2220572344704692,Fremont,Alameda Co.
5579,349,14.0,1.0,ford-gobike,37.781123,-122.2329915,26th Ave at International Blvd,2020-10-08T21:02:34.995000Z,,1602158017.0,1.0,1.0,226,,,,0.1944935000000001,Hawthorne,Alameda Co.
5580,350,14.0,1.0,ford-gobike,37.7927143,-122.24877959999999,10th Ave at E 15th St,2020-10-08T21:02:35.004000Z,,1602158017.0,1.0,1.0,222,,,,0.16711409999999205,East Peralta,Alameda Co.
5581,351,12.0,3.0,ford-gobike,37.794396,-122.25384199999999,6th Ave at E 12th St (Temporary Location),2020-10-08T21:02:35.005000Z,,1602155303.0,1.0,1.0,221,,,,0.16036999999999324,East Peralta,Alameda Co.
5582,352,13.0,6.0,ford-gobike,37.8160598,-122.27824440000002,24th St at Market St,2020-10-08T21:02:35.037000Z,,1602170644.0,1.0,1.0,159,,,,0.14092939999999746,McClymonds,Alameda Co.
5583,353,13.0,2.0,ford-gobike,37.790139851853645,-122.24237322807312,San Antonio Park,2020-10-08T21:02:35.065000Z,,1602155003.0,1.0,1.0,46,,,,0.1760949200732398,Rancho San Antonio,Alameda Co.
5584,354,9.0,22.0,ford-gobike,37.783812709278116,-122.4345588684082,Raymond Kimbell Playground,2020-10-08T21:02:34.096000Z,,1602187919.0,1.0,1.0,31,,,,0.047632159130060366,Western Addition,San Francisco Co.
5585,355,19.0,5.0,ford-gobike,37.79416044174933,-122.42156758904457,Jackson St at Polk St,2020-10-08T21:02:34.679000Z,,1602186281.0,1.0,1.0,384,,,,0.024293147295225026,Nob Hill,San Francisco Co.
5586,356,20.0,7.0,ford-gobike,37.78198168752722,-122.43576988577844,Ellis St at Pierce St,2020-10-08T21:02:34.788000Z,,1602184398.0,1.0,1.0,469,,,,0.05067419825120823,Western Addition,San Francisco Co.
5587,357,11.0,8.0,ford-gobike,37.7671004,-122.41066200000002,Bryant St at 15th St,2020-10-08T21:02:34.079000Z,,1602190591.0,1.0,1.0,100,,,,0.04044760000000025,Mission District,San Francisco Co.
5588,358,16.0,3.0,ford-gobike,37.764285,-122.43180420000002,16th St at Prosper St,2020-10-08T21:02:34.093000Z,,1602189065.0,1.0,1.0,105,,,,0.06440519999999594,Upper Market,San Francisco Co.
5589,359,7.0,12.0,ford-gobike,37.7670373,-122.41544250000001,Folsom St at 15th St,2020-10-08T21:02:34.139000Z,,1602176312.0,1.0,1.0,99,,,,0.045291199999994085,Mission District,San Francisco Co.
5590,360,15.0,12.0,ford-gobike,37.774814,-122.418954,S Van Ness Ave at Market St,2020-10-08T21:02:34.903000Z,,1602190437.0,1.0,1.0,59,,,,0.04102599999999512,Mission District,San Francisco Co.
5591,361,6.0,13.0,ford-gobike,37.7638471,-122.41300359999998,Harrison St at 17th St,2020-10-08T21:02:34.943000Z,,1602187740.0,1.0,1.0,112,,,,0.04604249999999155,Mission District,San Francisco Co.
5592,362,36.0,3.0,ford-gobike,37.788032,-122.39562600000001,Tehama St at 1st St,2020-10-08T21:02:34.045000Z,,1602188614.0,1.0,1.0,527,,,,0.024950000000004025,South of Market,San Francisco Co.
5593,363,21.0,6.0,ford-gobike,37.783972999999996,-122.44287800000001,Post St at Baker St,2020-10-08T21:02:34.933000Z,,1602169539.0,1.0,1.0,530,,,,0.05579099999998505,Western Addition,San Francisco Co.
5594,364,16.0,3.0,ford-gobike,37.780949,-122.456303,Stanyan St at Geary Blvd,2020-10-08T21:02:34.055000Z,,1602157715.0,1.0,1.0,528,,,,0.07224000000000075,Richmond District,San Francisco Co.
5595,365,12.0,2.0,ford-gobike,37.77779057034257,-122.40643188357352,Victoria Manalo Draves Park,2020-10-08T21:02:34.457000Z,,1602189761.0,1.0,1.0,62,,,,0.02552731323095969,South of Market,San Francisco Co.
5596,366,8.0,10.0,ford-gobike,37.775521999999995,-122.498498,38th Ave at Balboa St,2020-10-08T21:02:34.924000Z,,1602189215.0,1.0,1.0,532,,,,0.1198619999999906,Richmond District,San Francisco Co.
5597,367,18.0,1.0,ford-gobike,37.734966,-122.429772,Arlington St at Roanoke St,2020-10-08T21:02:34.056000Z,,1602171908.0,1.0,1.0,529,,,,0.09169199999999478,Glen Park,San Francisco Co.
5598,368,16.0,3.0,ford-gobike,37.779672999999995,-122.48796999999999,28th Ave at Geary Blvd,2020-10-08T21:02:34.932000Z,,1602179001.0,1.0,1.0,531,,,,0.1051829999999967,Richmond District,San Francisco Co.
5599,369,6.0,9.0,ford-gobike,37.8238474,-122.2811926,32nd St at Adeline St,2020-10-08T21:02:34.857000Z,,1602158017.0,1.0,1.0,213,,,,0.14576880000000614,Clawson,Alameda Co.
5600,370,19.0,16.0,ford-gobike,37.800213566969795,-122.25381016731262,2nd Ave at E 18th St,2020-10-08T21:02:34.492000Z,,1602181286.0,1.0,1.0,200,,,,0.1545842657175811,Merritt,Alameda Co.
5601,371,28.0,7.0,ford-gobike,37.78389935708493,-122.40844488143921,Powell St BART Station (Market St at 5th St),2020-10-08T21:02:35.088000Z,,1602189469.0,1.0,1.0,5,,,,0.021431524354269985,Union Square,San Francisco Co.
5602,372,4.0,14.0,ford-gobike,37.800254430767644,-122.42591947317123,Greenwich St at Franklin St,2020-10-08T21:02:35.120000Z,,1602189517.0,1.0,1.0,478,,,,0.022551042403591737,Cow Hollow,San Francisco Co.
5603,373,20.0,7.0,ford-gobike,37.76707850458367,-122.40735858678819,15th St at Potrero Ave,2020-10-08T21:02:34.080000Z,,1602190350.0,1.0,1.0,101,,,,0.037166082204507234,Mission District,San Francisco Co.
5604,374,22.0,5.0,ford-gobike,37.769757,-122.415674,Folsom St at 13th St,2020-10-08T21:02:34.291000Z,,1602190738.0,1.0,1.0,87,,,,0.04280299999999215,Mission District,San Francisco Co.
5605,375,19.0,8.0,ford-gobike,37.76328094058097,-122.4073773622513,Potrero Ave and Mariposa St,2020-10-08T21:02:34.136000Z,,1602183488.0,1.0,1.0,336,,,,0.0409824216703214,Mission District,San Francisco Co.
5606,376,15.0,4.0,ford-gobike,37.7604469,-122.410807,19th St at Florida St,2020-10-08T21:02:34.553000Z,,1602189478.0,1.0,1.0,124,,,,0.0472461000000024,Mission District,San Francisco Co.
5607,377,14.0,10.0,ford-gobike,37.72238229348268,-122.44380980730057,Delano Ave at Oneida Ave,2020-10-08T21:02:34.767000Z,,1602189563.0,1.0,1.0,502,,,,0.11831351381788124,Mission Terrace,San Francisco Co.
5608,378,11.0,8.0,ford-gobike,37.73017446887281,-122.43289589881896,Alemany Blvd at Silver Ave,2020-10-08T21:02:34.638000Z,,1602157715.0,1.0,1.0,497,,,,0.099607429946154,Mission Terrace,San Francisco Co.
5609,379,17.0,15.0,ford-gobike,37.793177,-122.398823,Front St at California St,2020-10-08T21:02:34.923000Z,,1602189070.0,1.0,1.0,533,,,,0.016608000000005063,Financial District,San Francisco Co.
5610,380,11.0,20.0,ford-gobike,37.778307,-122.42652700000001,Fulton St at Laguna St,2020-10-08T21:02:34.955000Z,,1602182302.0,1.0,1.0,534,,,,0.04510599999998988,Hayes Valley,San Francisco Co.
5611,381,5.0,14.0,ford-gobike,37.73890064447666,-122.38952457904814,Jerrold Ave at 3rd St,2020-10-08T21:02:34.659000Z,,1602187383.0,1.0,1.0,360,,,,0.08018277647519767,San Francisco,San Francisco Co.
5612,382,8.0,18.0,ford-gobike,37.766594,-122.398198,Hubbell St at 16th St,2020-10-08T21:02:33.962000Z,,1602190533.0,1.0,1.0,345,,,,0.04381600000000674,Potrero Hill,San Francisco Co.
5613,383,23.0,3.0,ford-gobike,37.7802645,-122.4066435,Howard St at 6th St,2020-10-08T21:02:33.974000Z,,1602186356.0,1.0,1.0,349,,,,0.023264999999994984,South of Market,San Francisco Co.
5614,384,15.0,4.0,ford-gobike,37.775681,-122.494064,34th Ave at Balboa St,2020-10-08T21:02:34.040000Z,,1602163057.0,1.0,1.0,524,,,,0.11526899999999075,Richmond District,San Francisco Co.
5615,385,3.0,15.0,ford-gobike,37.7819295,-122.48278549999999,23rd Ave at Clement St,2020-10-08T21:02:34.046000Z,,1602189287.0,1.0,1.0,520,,,,0.09774200000000376,Richmond District,San Francisco Co.
5616,386,12.0,11.0,ford-gobike,37.8023,-122.4244135,Chestnut St at Van Ness Ave,2020-10-08T21:02:34.060000Z,,1602190707.0,1.0,1.0,441,,,,0.01899949999999251,Russian Hill,San Francisco Co.
5617,387,17.0,6.0,ford-gobike,37.765941999999995,-122.449228,Carl St at Cole St,2020-10-08T21:02:34.061000Z,,1602190448.0,1.0,1.0,440,,,,0.08017199999999748,Haight-Ashbury,San Francisco Co.
5618,388,13.0,8.0,ford-gobike,37.7864555,-122.399749,Natoma St at New Montgomery St,2020-10-08T21:02:34.066000Z,,1602175329.0,1.0,1.0,445,,,,0.0224034999999958,South of Market,San Francisco Co.
5619,389,2.0,8.0,ford-gobike,37.764684499999994,-122.41992649999999,16th St Mission BART,2020-10-08T21:02:34.075000Z,,1602188355.0,1.0,1.0,108,,,,0.052127999999996184,Mission District,San Francisco Co.
5620,390,12.0,11.0,ford-gobike,37.763333,-122.4220555,17th St at Valencia St,2020-10-08T21:02:34.077000Z,,1602190089.0,1.0,1.0,109,,,,0.05560849999999107,Mission District,San Francisco Co.
5621,391,0.0,27.0,ford-gobike,37.7668905,-122.399528,Irwin St at 8th St,2020-10-08T21:02:34.078000Z,,1602181671.0,1.0,1.0,102,,,,0.042189499999992115,Potrero Hill,San Francisco Co.
5622,392,2.0,16.0,ford-gobike,37.7370395,-122.39449850000001,Oakdale Ave at Phelps St,2020-10-08T21:02:34.107000Z,,1602181051.0,1.0,1.0,438,,,,0.07706999999999907,San Francisco,San Francisco Co.
5623,393,25.0,6.0,ford-gobike,37.784419,-122.439361,Post St at Divisadero St,2020-10-08T21:02:34.115000Z,,1602190180.0,1.0,1.0,439,,,,0.05182800000000043,Western Addition,San Francisco Co.
5624,394,9.0,6.0,ford-gobike,37.740048,-122.3834355,Evans Ave at Mendell St,2020-10-08T21:02:34.117000Z,,1602173299.0,1.0,1.0,437,,,,0.08512449999999205,San Francisco,San Francisco Co.
5625,395,5.0,22.0,ford-gobike,37.7703135,-122.3912365,4th St at Mission Bay Blvd S,2020-10-08T21:02:34.145000Z,,1602190820.0,1.0,1.0,93,,,,0.04705799999999272,Mission Bay,San Francisco Co.
5626,396,18.0,1.0,ford-gobike,37.768227,-122.420359,14th St at Mission St,2020-10-08T21:02:34.148000Z,,1602185688.0,1.0,1.0,97,,,,0.04901799999999668,Mission District,San Francisco Co.
5627,397,12.0,7.0,ford-gobike,37.7661,-122.4266585,Dolores St at 15th St,2020-10-08T21:02:34.149000Z,,1602189962.0,1.0,1.0,96,,,,0.057444499999995464,Upper Market,San Francisco Co.
5628,398,18.0,4.0,ford-gobike,37.75499463,-122.4258368,22nd St at Dolores St,2020-10-08T21:02:34.189000Z,,1602190861.0,1.0,1.0,131,,,,0.0677281699999952,Noe Valley,San Francisco Co.
5629,399,17.0,5.0,ford-gobike,37.772219,-122.419976,Otis St at Brady St,2020-10-08T21:02:34.192000Z,,1602165339.0,1.0,1.0,499,,,,0.044643000000000654,Mission District,San Francisco Co.
5630,400,5.0,18.0,ford-gobike,37.750945,-122.4120835,Garfield Square (25th St at Harrison St),2020-10-08T21:02:34.204000Z,,1602183913.0,1.0,1.0,139,,,,0.05802449999998771,Mission District,San Francisco Co.
5631,401,14.0,3.0,ford-gobike,37.7869975,-122.3981125,Howard St at 2nd St,2020-10-08T21:02:34.214000Z,,1602190167.0,1.0,1.0,25,,,,0.023498000000003568,South of Market,San Francisco Co.
5632,402,19.0,4.0,ford-gobike,37.787963,-122.3918085,Beale St at Harrison St,2020-10-08T21:02:34.221000Z,,1602189894.0,1.0,1.0,27,,,,0.02883650000000415,South of Market,San Francisco Co.
5633,403,20.0,5.0,ford-gobike,37.789729,-122.3946515,Howard St at Beale St,2020-10-08T21:02:34.224000Z,,1602189282.0,1.0,1.0,22,,,,0.02422750000000207,South of Market,San Francisco Co.
5634,404,12.0,11.0,ford-gobike,37.7914015,-122.391038,The Embarcadero at Steuart St,2020-10-08T21:02:34.225000Z,,1602190729.0,1.0,1.0,23,,,,0.026168500000004258,South of Market,San Francisco Co.
5635,405,5.0,13.0,ford-gobike,37.787332,-122.3881105,The Embarcadero at Bryant St,2020-10-08T21:02:34.226000Z,,1602190897.0,1.0,1.0,28,,,,0.033165500000002616,South Beach,San Francisco Co.
5636,406,10.0,18.0,ford-gobike,37.804432500000004,-122.433523,Buchanan St at North Point St,2020-10-08T21:02:34.246000Z,,1602190149.0,1.0,1.0,400,,,,0.029347499999992976,Marina,San Francisco Co.
5637,407,21.0,9.0,ford-gobike,37.774803999999996,-122.446649,Grove St at Masonic Ave,2020-10-08T21:02:34.257000Z,,1602186118.0,1.0,1.0,375,,,,0.06873099999998544,Western Addition,San Francisco Co.
5638,408,6.0,13.0,ford-gobike,37.7603435,-122.387449,Illinois St at 20th St,2020-10-08T21:02:34.266000Z,,1602188331.0,1.0,1.0,376,,,,0.0608154999999968,Potrero Hill,San Francisco Co.
5639,409,8.0,19.0,ford-gobike,37.769263,-122.407054,Division St at Potrero Ave,2020-10-08T21:02:34.270000Z,,1602190851.0,1.0,1.0,89,,,,0.03467699999999496,Mission District,San Francisco Co.
5640,410,9.0,18.0,ford-gobike,37.8026635,-122.4360635,Bay St at Fillmore St,2020-10-08T21:02:34.277000Z,,1602185641.0,1.0,1.0,399,,,,0.030285999999996708,Marina,San Francisco Co.
5641,411,16.0,2.0,ford-gobike,37.769244,-122.4269645,Market St at Dolores St,2020-10-08T21:02:34.289000Z,,1602188963.0,1.0,1.0,86,,,,0.054606499999991336,Upper Market,San Francisco Co.
5642,412,14.0,13.0,ford-gobike,37.769818,-122.42914850000001,Church St at Duboce Ave,2020-10-08T21:02:34.293000Z,,1602186961.0,1.0,1.0,85,,,,0.05621649999999079,Hayes Valley,San Francisco Co.
5643,413,10.0,8.0,ford-gobike,37.7895875,-122.440683,Divisadero St at Clay St,2020-10-08T21:02:34.333000Z,,1602190515.0,1.0,1.0,512,,,,0.04798149999999879,Pacific Heights,San Francisco Co.
5644,414,18.0,5.0,ford-gobike,37.7866115,-122.45005249999998,Laurel St at California St,2020-10-08T21:02:34.340000Z,,1602189147.0,1.0,1.0,514,,,,0.0603269999999938,Presidio Heights,San Francisco Co.
5645,415,12.0,3.0,ford-gobike,37.753259,-122.4055145,Utah St at 24th St,2020-10-08T21:02:34.353000Z,,1602174333.0,1.0,1.0,459,,,,0.04983450000000289,Mission District,San Francisco Co.
5646,416,20.0,3.0,ford-gobike,37.7642245,-122.4673775,10th Ave at Irving St,2020-10-08T21:02:34.359000Z,,1602186154.0,1.0,1.0,451,,,,0.10003899999999533,Inner Sunset,San Francisco Co.
5647,417,2.0,17.0,ford-gobike,37.775328,-122.458104,McAllister St at Arguello Blvd,2020-10-08T21:02:34.365000Z,,1602188405.0,1.0,1.0,455,,,,0.07966199999999901,Richmond District,San Francisco Co.
5648,418,5.0,26.0,ford-gobike,37.795402,-122.4046885,Washington St at Kearny St,2020-10-08T21:02:34.433000Z,,1602185706.0,1.0,1.0,10,,,,0.0085174999999893,Downtown San Francisco,San Francisco Co.
5649,419,10.0,13.0,ford-gobike,37.7942465,-122.402855,Commercial St at Montgomery St,2020-10-08T21:02:34.435000Z,,1602188980.0,1.0,1.0,13,,,,0.011506499999995869,Financial District,San Francisco Co.
5650,420,17.0,5.0,ford-gobike,37.794525,-122.3948805,Market St at Steuart St,2020-10-08T21:02:34.449000Z,,1602190490.0,1.0,1.0,16,,,,0.019202499999998682,South of Market,San Francisco Co.
5651,421,17.0,2.0,ford-gobike,37.771679999999996,-122.422301,McCoppin St at Valencia St,2020-10-08T21:02:34.514000Z,,1602187706.0,1.0,1.0,76,,,,0.04750699999999597,Mission District,San Francisco Co.
5652,422,16.0,11.0,ford-gobike,37.7762475,-122.42620249999999,Laguna St at Hayes St,2020-10-08T21:02:34.516000Z,,1602189165.0,1.0,1.0,74,,,,0.046841000000000584,Western Addition,San Francisco Co.
5653,423,19.0,8.0,ford-gobike,37.772354,-122.4358575,Page St at Scott St,2020-10-08T21:02:34.520000Z,,1602190286.0,1.0,1.0,72,,,,0.060389499999992324,Haight-Ashbury,San Francisco Co.
5654,424,16.0,3.0,ford-gobike,37.7602925,-122.4188895,19th St at Mission St,2020-10-08T21:02:34.550000Z,,1602184608.0,1.0,1.0,122,,,,0.055483000000002385,Mission District,San Francisco Co.
5655,425,5.0,10.0,ford-gobike,37.759161999999996,-122.4100475,20th St at Bryant St,2020-10-08T21:02:34.555000Z,,1602190632.0,1.0,1.0,125,,,,0.04777149999999608,Mission District,San Francisco Co.
5656,426,13.0,6.0,ford-gobike,37.7501075,-122.3865015,Illinois St at Cesar Chavez St,2020-10-08T21:02:34.598000Z,,1602184825.0,1.0,1.0,410,,,,0.07199900000000525,San Francisco,San Francisco Co.
5657,427,14.0,7.0,ford-gobike,37.788189,-122.42052450000001,Fern St at Polk St,2020-10-08T21:02:34.616000Z,,1602189494.0,1.0,1.0,419,,,,0.02922149999999135,Civic Center Tenderloin,San Francisco Co.
5658,428,22.0,5.0,ford-gobike,37.785478999999995,-122.41934199999999,Myrtle St at Polk St,2020-10-08T21:02:34.643000Z,,1602190787.0,1.0,1.0,368,,,,0.030748999999993032,Civic Center Tenderloin,San Francisco Co.
5659,429,19.0,12.0,ford-gobike,37.780819,-122.4217875,Golden Gate Ave at Franklin St,2020-10-08T21:02:34.677000Z,,1602186853.0,1.0,1.0,383,,,,0.03785449999998747,Western Addition,San Francisco Co.
5660,430,7.0,32.0,ford-gobike,37.7785885,-122.392553,3rd St at Townsend St,2020-10-08T21:02:34.746000Z,,1602190692.0,1.0,1.0,66,,,,0.03746649999999363,South of Market,San Francisco Co.
5661,431,10.0,8.0,ford-gobike,37.7763115,-122.39449499999999,San Francisco Caltrain Station (King St at 4th St),2020-10-08T21:02:34.790000Z,,1602173522.0,1.0,1.0,465,,,,0.03780149999999338,South of Market,San Francisco Co.
5662,432,12.0,3.0,ford-gobike,37.730078999999996,-122.3988045,Williams Ave at Apollo St,2020-10-08T21:02:34.841000Z,,1602182907.0,1.0,1.0,359,,,,0.07972449999999752,San Francisco,San Francisco Co.
5663,433,29.0,5.0,ford-gobike,37.785876,-122.4089225,Cyril Magnin St at Ellis St,2020-10-08T21:02:34.870000Z,,1602190525.0,1.0,1.0,4,,,,0.019932499999995912,Union Square,San Francisco Co.
5664,434,10.0,9.0,ford-gobike,37.7758375,-122.402694,Bryant St at 6th St,2020-10-08T21:02:34.922000Z,,1602189721.0,1.0,1.0,63,,,,0.030076499999999836,South of Market,San Francisco Co.
5665,435,7.0,20.0,ford-gobike,37.764965000000004,-122.3990255,Jackson Playground,2020-10-08T21:02:34.936000Z,,1602190872.0,1.0,1.0,115,,,,0.044617500000008185,Potrero Hill,San Francisco Co.
5666,436,5.0,24.0,ford-gobike,37.764794,-122.39475949999999,Mississippi St at 17th St,2020-10-08T21:02:34.938000Z,,1602187591.0,1.0,1.0,116,,,,0.04905449999998979,Potrero Hill,San Francisco Co.
5667,437,4.0,15.0,ford-gobike,37.7645435,-122.410349,Franklin Square,2020-10-08T21:02:34.942000Z,,1602187680.0,1.0,1.0,113,,,,0.04269149999998945,Mission District,San Francisco Co.
5668,438,14.0,5.0,ford-gobike,37.759211,-122.43679750000001,Eureka Valley Recreation Center,2020-10-08T21:02:34.954000Z,,1602189314.0,1.0,1.0,118,,,,0.07447249999999173,Castro,San Francisco Co.
5669,439,10.0,8.0,ford-gobike,37.7648385,-122.42014099999999,16th St Mission BART Station 2,2020-10-08T21:02:34.999000Z,,1602190798.0,1.0,1.0,223,,,,0.05218849999999264,Mission District,San Francisco Co.
5670,440,20.0,11.0,ford-gobike,37.7813455,-122.41840900000001,Golden Gate Ave at Polk St,2020-10-08T21:02:35.087000Z,,1602186434.0,1.0,1.0,41,,,,0.03394949999999142,Civic Center Tenderloin,San Francisco Co.
5671,441,17.0,6.0,ford-gobike,37.772712,-122.4035775,Brannan St at 7th St,2020-10-08T21:02:35.100000Z,,1602190926.0,1.0,1.0,482,,,,0.03231850000000236,South of Market,San Francisco Co.
5672,442,20.0,7.0,ford-gobike,37.780364,-122.4728095,14th Ave at Geary Blvd,2020-10-08T21:02:35.117000Z,,1602184038.0,1.0,1.0,474,,,,0.08933149999999301,Richmond District,San Francisco Co.
5673,443,13.0,10.0,ford-gobike,37.7751205,-122.464998,7th Ave at Cabrillo St,2020-10-08T21:02:34.364000Z,,1602190508.0,1.0,1.0,454,,,,0.08676349999998934,Richmond District,San Francisco Co.
5674,444,15.0,12.0,ford-gobike,37.787157,-122.41658999999999,Hyde St at Post St,2020-10-08T21:02:34.652000Z,,1602190239.0,1.0,1.0,369,,,,0.026318999999993764,Civic Center Tenderloin,San Francisco Co.
5675,445,14.0,4.0,ford-gobike,37.773491899999996,-122.40367250000001,7th St at Brannan St,2020-10-08T21:02:34.530000Z,,1602189520.0,1.0,1.0,79,,,,0.0314435999999958,South of Market,San Francisco Co.
5676,446,17.0,2.0,ford-gobike,37.8098236,-122.2801923,Marston Campbell Park,2020-10-08T21:02:34.862000Z,,1602158017.0,1.0,1.0,219,,,,0.1327453000000105,Oak Center,Alameda Co.
5677,447,14.0,9.0,ford-gobike,37.773238,-122.399998,Townsend St at 6th St,2020-10-08T21:02:34.307000Z,,1602158017.0,1.0,1.0,519,,,,0.0353720000000024,South of Market,San Francisco Co.
5678,448,12.0,0.0,ford-gobike,37.770519,-122.442326,Haight St at Lyon St,2020-10-08T21:02:34.935000Z,,1602186008.0,1.0,1.0,538,,,,0.06869299999998901,Haight-Ashbury,San Francisco Co.
5679,449,23.0,1.0,ford-gobike,37.785376593819436,-122.39690601825714,Folsom St at 2nd St,2020-10-08T21:02:34.099000Z,,1602182280.0,1.0,1.0,37,,,,0.026325387923421317,South of Market,San Francisco Co.
5680,450,30.0,1.0,ford-gobike,37.72095,-122.47885900000001,Holloway Ave at Arellano Ave,2020-10-08T21:02:34.544000Z,,1602158321.0,1.0,1.0,541,,,,0.1547949999999929,Stones Town,San Francisco Co.
5681,451,23.0,7.0,ford-gobike,37.722001,-122.482735,Font Blvd at Arballo Dr,2020-10-08T21:02:34.917000Z,,1602190422.0,1.0,1.0,537,,,,0.15762000000000145,Stones Town,San Francisco Co.
5682,452,22.0,5.0,ford-gobike,37.731085,-122.47616299999999,Eucalyptus Dr at 20th Ave,2020-10-08T21:02:34.543000Z,,1602158317.0,1.0,1.0,540,,,,0.14196399999999446,Lakeshore,San Francisco Co.
5683,453,19.0,8.0,ford-gobike,37.78255087251915,-122.44232520461084,St. Joseph's Ave at Geary Blvd,2020-10-08T21:02:34.764000Z,,1602188399.0,1.0,1.0,508,,,,0.0566603320916883,Western Addition,San Francisco Co.
5684,454,6.0,21.0,ford-gobike,37.775211,-122.51120800000001,Great Hwy at Balboa St,2020-10-08T21:02:34.533000Z,,1602190710.0,1.0,1.0,543,,,,0.13288299999999253,Richmond District,San Francisco Co.
5685,455,4.0,14.0,ford-gobike,37.716160945457865,-122.440105676651,London St at Geneva Ave,2020-10-08T21:02:34.769000Z,,1602171557.0,1.0,1.0,503,,,,0.1208307311931236,Crocker-Amazon,San Francisco Co.
